,Maximum Pressure(predicted),Maximum Pressure,Crank Angle at Maximum Pressure(predicted),Crank Angle at Maximum Pressure,Maximum Rate of Pressure Rise(predicted),Maximum Rate of Pressure Rise,BMEP(predicted),BMEP,IMEP(predicted),IMEP,BSFC(predicted),BSFC,BSNOx(predicted),BSNOx,BSCO(predicted),BSCO
1113,50.625977,49.6,23.627916,23.96,2.1487703,1.89,10.301733,10.41,11.757855,11.72,299.31693,301.8,4.497681,4.58,234.41702,237.4
2094,43.949528,44.3,29.365194,29.0,1.6934081,1.37,9.315382,9.07,11.336225,11.35,376.20764,375.7,2.5977712,2.67,360.78012,358.4
582,40.013237,42.6,28.851778,26.87,0.9059454,1.54,9.574066,8.92,10.162284,10.51,301.70288,304.1,3.6253612,3.55,218.25375,219.9
1718,28.73054,30.0,35.351562,35.38,0.3107268,0.72,6.8639317,7.02,9.004852,9.06,411.3569,411.2,1.6363058,1.93,373.4804,373.0
1737,38.514717,38.5,34.1977,33.95,1.0479425,1.0,9.893453,9.09,11.404563,11.46,376.18958,376.8,2.6952138,2.31,339.81192,342.7
1455,60.188087,58.9,18.718971,20.07,2.6149147,2.5,10.336103,10.36,12.182972,12.38,312.18427,313.7,4.654735,4.31,272.45856,274.5
1166,40.55955,39.5,30.524603,31.44,1.3333887,1.19,10.09723,9.86,11.143295,11.22,319.4896,321.3,3.638894,3.65,249.27962,250.2
1748,40.100796,39.3,34.15334,34.57,1.0416056,1.02,10.265642,9.35,11.636336,11.78,373.29858,374.2,2.9034352,2.29,337.551,339.8
1306,52.728893,53.3,24.010572,24.71,2.265792,2.0,10.698088,10.97,12.202856,12.89,308.59833,307.4,4.5702147,4.35,249.23174,248.8
776,40.920578,38.6,28.790432,29.48,1.3658149,1.21,9.738235,9.43,10.727639,10.43,304.96478,306.7,3.8401134,3.49,222.63214,225.4
973,43.07845,43.3,28.054846,28.97,1.7469352,1.49,10.1823015,10.51,11.241374,11.55,303.55396,305.4,3.7378209,4.75,224.56578,223.8
561,39.797356,42.0,28.617344,26.82,0.9540868,1.49,9.392574,8.87,10.102738,10.37,301.85162,304.8,3.6942635,3.33,218.35124,221.2
1215,65.72763,66.5,15.01811,14.94,3.116758,3.34,10.313109,10.15,12.327883,12.02,301.12845,302.7,5.112879,5.74,252.31982,251.4
924,51.517292,52.7,23.022438,22.22,2.3053226,2.23,10.471478,10.63,11.859077,11.77,292.3598,294.0,4.532767,5.21,220.12297,222.0
1352,40.461308,41.5,31.860905,31.96,1.2571777,1.22,10.309163,10.12,11.471405,11.97,332.8298,331.9,3.6473799,3.45,271.08505,269.7
2048,54.71347,54.1,22.086666,22.0,2.2560122,2.1,9.5415125,9.56,11.669589,11.85,351.56363,352.7,3.4783576,3.48,340.44034,338.8
2095,44.298717,44.3,29.550255,29.0,1.5827683,1.38,9.496927,9.28,11.3707485,11.49,373.17087,373.5,2.7385032,2.57,355.63342,354.5
1936,37.810883,37.7,35.74953,35.06,1.0876412,0.95,9.747787,9.05,11.438307,11.32,396.09494,392.3,2.404144,2.18,366.67545,362.5
1842,52.806637,53.0,21.214647,22.0,1.8485483,2.09,8.765728,9.08,10.858404,11.28,347.74216,347.2,3.4994462,3.83,327.97137,327.6
740,49.607143,48.7,24.004883,22.98,2.1840086,1.95,10.317191,9.84,11.55403,10.95,291.70346,293.2,4.369133,4.19,213.34366,217.3
963,40.68546,41.6,28.759132,29.31,1.4494586,1.4,9.812394,10.07,10.880775,11.13,306.4677,308.5,3.6653945,4.57,229.67522,229.4
1270,64.01844,65.3,17.672705,18.77,3.1775951,2.97,11.150613,11.4,12.936437,13.46,294.5364,296.8,5.2649455,5.07,240.73692,241.7
762,39.629005,38.3,28.814178,29.51,1.203593,1.19,9.392799,9.29,10.424892,10.33,305.0288,307.8,3.8617396,3.47,223.61237,226.5
1064,61.21825,59.7,18.038376,18.24,2.8406465,2.76,10.564713,10.55,12.321311,12.03,293.68893,294.4,5.243115,5.21,230.77238,232.3
554,40.453667,41.3,28.537249,27.35,1.0178434,1.43,9.462399,8.83,10.22386,10.32,303.6014,305.3,3.762277,3.17,218.87766,220.8
1547,41.14559,40.5,33.181156,33.27,1.0900198,1.11,10.568091,9.77,11.764214,11.95,354.62988,352.1,3.3496022,2.7,306.44138,303.1
877,62.955635,63.6,17.393219,16.83,3.156208,3.19,11.008709,10.97,12.684326,12.26,283.9147,286.5,5.3522844,5.89,211.97469,212.3
556,41.2413,41.9,28.35836,27.16,1.0808342,1.46,9.653933,8.95,10.313429,10.51,301.21655,303.0,3.712703,3.42,215.46062,213.7
1077,61.99705,60.1,18.01322,18.71,3.0285447,2.77,10.89127,10.78,12.62803,12.12,289.43372,293.0,5.2943616,5.31,228.17249,231.1
1143,38.04518,37.7,31.063135,31.2,1.0548073,1.11,9.573663,9.37,10.737536,10.74,326.0537,325.4,3.525252,3.59,253.77419,254.0
1467,63.078133,62.5,18.591116,19.82,2.9919717,2.69,11.055518,10.88,12.887979,13.1,308.14056,310.2,4.9224486,4.32,269.24908,271.1
1276,63.836346,65.8,17.90824,18.78,3.182383,3.0,11.227387,11.46,12.979415,13.53,294.56873,296.7,5.2081313,5.04,240.9623,242.1
1296,47.833004,48.4,24.31337,25.18,1.819395,1.74,9.6552725,10.05,11.22091,11.76,312.45966,314.2,4.061904,4.32,255.81999,257.0
717,48.00089,48.0,23.939093,23.01,1.9339951,1.9,9.781711,9.63,11.081735,10.79,292.13867,294.5,4.454962,4.17,215.07764,218.6
1554,41.029537,40.1,33.11439,33.35,1.1305159,1.09,10.606242,9.69,11.775758,11.83,352.7687,352.4,3.268772,2.74,305.3619,303.4
1551,40.712376,40.0,33.071842,33.36,1.113341,1.09,10.545619,9.67,11.727588,11.81,352.1459,352.5,3.2550578,2.73,304.75266,303.6
2008,67.00422,65.0,17.07218,17.0,3.0408099,3.03,10.690268,9.96,12.789767,12.29,338.2998,340.5,4.326605,4.29,326.0157,327.0
741,48.258644,48.3,24.382967,23.07,2.073533,1.92,10.193427,9.72,11.401506,10.87,291.41928,293.9,4.2581105,4.17,214.32295,218.5
2111,26.725277,22.9,42.41264,41.0,0.29463795,0.45,6.804482,5.91,9.504201,7.66,487.0997,487.5,1.080245,1.39,456.21146,455.4
1478,63.355053,64.1,18.735868,19.71,2.9573448,2.78,11.189746,11.11,12.942843,13.43,308.03937,309.0,4.9121823,4.28,269.14963,269.9
1129,51.877705,51.4,24.047777,23.72,2.3381839,2.01,10.77818,10.7,12.1245365,12.16,300.58008,299.6,4.3836856,4.54,232.93565,233.2
1017,62.903816,62.4,15.764422,13.64,2.9201424,3.2,9.956661,9.44,11.879438,10.99,296.36624,299.6,5.0866046,5.81,237.23851,238.5
1122,50.92699,49.8,23.632526,23.86,2.2013893,1.91,10.433266,10.49,11.852513,11.78,298.03226,301.3,4.4719944,4.61,233.80823,236.4
703,46.716175,44.4,23.908375,23.51,1.8670965,1.66,9.3765135,9.27,10.731164,10.21,294.98206,297.1,4.2603216,4.05,215.64316,219.6
768,39.80093,38.4,28.824139,29.54,1.2370298,1.19,9.497725,9.31,10.507461,10.35,304.46454,307.7,3.8230288,3.47,223.24852,226.5
865,57.80011,59.7,18.563011,17.52,2.684874,2.91,10.236782,10.17,11.854584,11.67,286.20862,289.3,4.929684,5.61,214.85065,216.1
1418,70.66847,71.1,14.297061,14.56,3.5051413,3.54,11.213651,10.84,13.268281,13.01,305.10037,306.6,5.282281,4.9,268.1294,269.5
1161,39.621944,38.8,30.451487,31.53,1.246444,1.16,9.919376,9.76,10.996668,11.04,318.1356,322.0,3.623653,3.72,248.40076,251.2
2109,26.303526,19.6,44.717957,42.0,0.18246797,0.36,6.3963246,4.9,9.387012,6.63,522.2749,531.8,0.9230786,1.27,489.06998,494.6
1151,39.89242,39.2,30.77844,31.58,1.1905056,1.18,9.920826,9.79,11.023586,11.14,322.8427,322.0,3.719931,3.65,250.60153,251.1
905,47.247677,49.2,23.67025,23.02,1.8914045,2.0,9.668014,9.8,11.035581,11.24,294.67914,297.6,4.1765656,4.82,221.5619,224.2
581,40.76775,42.8,28.769506,26.73,0.98195076,1.54,9.695965,8.97,10.291624,10.59,302.1885,304.0,3.672053,3.5,217.55603,219.9
1995,53.484894,50.9,19.272095,19.0,1.9080564,2.2,7.701562,7.88,10.170945,9.99,360.63632,362.1,3.2202637,4.29,348.04184,348.7
918,50.235806,51.9,23.155779,22.37,2.1886604,2.17,10.251774,10.47,11.633567,11.65,291.68777,294.4,4.452341,5.19,219.63565,221.5
1361,40.844444,41.7,31.639101,31.95,1.3137923,1.23,10.381936,10.16,11.498651,12.03,330.8916,331.6,3.5883443,3.46,269.92838,269.4
583,41.45109,42.8,28.699308,27.18,1.0485893,1.53,9.87011,9.02,10.369468,10.68,301.48206,303.0,3.5637732,3.58,215.75128,216.1
962,42.110737,42.2,28.33769,29.21,1.5342951,1.43,9.923968,10.23,11.013495,11.3,306.34854,308.0,3.8233778,4.51,228.31105,230.0
2044,53.62838,52.6,22.34232,23.0,2.0464122,2.02,9.366944,9.48,11.434737,11.67,352.66852,353.2,3.416972,3.43,339.1082,337.5
750,38.441723,37.1,28.882473,30.08,1.0001873,1.12,9.089438,9.08,10.074084,10.07,306.33963,309.9,3.7337863,3.41,225.18584,228.0
2079,38.02069,37.9,30.035416,30.0,1.2337947,1.09,7.593105,8.07,9.945829,10.09,392.1801,390.6,2.1126165,2.46,373.79916,372.0
957,39.65303,40.9,28.91768,29.49,1.3228117,1.36,9.621538,9.9,10.692002,11.01,306.83127,309.6,3.6311672,4.46,229.9972,230.7
2080,39.579132,39.5,29.70873,30.0,1.244376,1.17,8.097295,8.56,10.261936,10.57,383.93008,383.4,2.318604,2.46,364.97015,363.3
2051,56.11936,55.2,22.279308,22.0,2.3640838,2.15,9.934105,9.69,12.002107,12.01,351.51346,351.5,3.5950963,3.5,339.69348,337.5
2102,44.92587,44.9,29.34187,29.0,1.6754776,1.4,9.552223,9.26,11.461243,11.53,373.0336,373.8,2.7710357,2.61,357.48502,356.7
1878,37.610043,39.5,28.430523,28.56,1.0138824,1.21,7.145459,7.95,9.400598,10.02,380.1258,377.6,2.2322764,2.8,355.12958,353.1
2030,36.672916,36.1,26.472864,25.0,0.9277719,1.2,5.622473,6.66,8.317147,8.59,394.05893,394.4,1.8741689,3.05,376.903,375.9
1903,50.683113,50.5,27.01415,26.87,1.7631739,1.68,10.524853,10.16,12.101764,12.53,352.53067,350.9,3.5269022,3.07,329.16922,326.6
1110,50.50841,49.4,23.786077,24.02,2.1152153,1.88,10.272351,10.34,11.739393,11.67,301.33594,302.4,4.4952826,4.56,236.2287,238.0
2063,57.05579,56.9,22.630114,22.0,2.4225907,2.25,10.341377,9.89,12.275646,12.27,348.0641,349.6,3.733927,3.54,335.4704,336.0
872,60.650196,61.4,17.92451,17.21,2.8992448,3.03,10.636728,10.52,12.297336,11.89,285.7026,289.2,5.2027273,5.62,215.79994,218.9
1413,65.786354,66.2,15.034631,14.88,3.0179355,3.24,10.329592,10.15,12.337161,12.14,307.18097,311.0,4.8536167,5.0,270.3997,273.7
1676,62.373825,63.1,19.872572,20.3,2.718752,2.62,11.142894,10.81,12.86713,13.36,321.60303,322.4,4.575481,3.9,293.58572,297.0
2129,32.830685,31.9,38.796246,37.98,0.94989884,0.74,8.777761,7.92,10.92753,10.02,431.64545,430.5,1.6929278,1.69,408.12152,406.7
1305,51.151184,52.4,24.131695,25.0,2.1573546,1.96,10.417342,10.64,11.965255,12.55,309.02493,310.0,4.4256554,4.39,253.28403,254.1
1998,57.27893,54.9,18.277956,18.0,2.2140234,2.42,8.523336,8.5,10.879399,10.65,351.61307,354.9,3.5131316,4.34,340.06348,342.4
710,48.678417,47.2,23.587936,22.93,1.9460949,1.85,9.700238,9.59,11.046865,10.67,293.7241,294.7,4.536856,4.16,215.66324,218.0
1145,39.11431,38.7,30.928045,31.05,1.1159506,1.16,9.765467,9.63,10.896809,11.02,324.74686,323.3,3.655987,3.63,251.35681,251.7
1318,53.081104,54.1,24.038822,24.71,2.357883,2.04,10.843016,11.1,12.303088,13.06,307.34213,306.6,4.5008526,4.38,249.20894,247.9
1663,63.19474,63.4,19.311106,20.29,2.7460406,2.65,11.100014,10.89,12.881729,13.44,321.61652,321.8,4.678524,3.9,292.76306,295.4
2119,29.998825,28.7,39.694305,38.98,0.61232626,0.63,8.017084,7.41,10.279335,9.31,443.86816,442.8,1.5061653,1.61,416.02737,415.0
1500,51.466404,50.3,24.924122,25.95,2.0090122,1.77,10.468353,10.3,12.046897,12.39,325.46198,324.9,4.137908,3.57,282.2248,282.2
955,40.917988,42.0,28.534088,29.29,1.3939989,1.42,9.685324,10.17,10.749761,11.32,305.19058,307.4,3.832249,4.54,225.40208,225.5
1147,39.700436,39.6,30.601774,30.89,1.2295212,1.21,9.9101515,9.84,11.001079,11.27,321.36285,320.6,3.61492,3.76,246.26428,246.1
821,63.512012,62.4,15.899373,12.79,3.032382,3.32,10.215907,9.28,12.061209,10.77,292.57227,294.4,5.190694,5.88,224.81888,224.3
1926,33.88296,34.8,35.74535,35.51,0.9267082,0.84,8.546413,8.32,10.562078,10.47,405.66656,403.2,1.9842113,2.11,376.40527,374.8
1325,52.27127,54.1,24.33668,24.87,2.2761934,2.05,10.775809,10.97,12.216306,12.97,307.89243,308.2,4.428019,4.31,252.39645,252.9
1932,35.769928,36.3,35.643284,35.27,1.0945126,0.89,9.199402,8.67,11.073284,10.88,398.92416,397.4,2.138776,2.21,370.75302,369.2
1255,59.535126,59.9,18.207537,19.77,2.7010043,2.63,10.256525,10.68,12.066656,12.49,299.19333,300.8,4.8619485,5.06,244.62088,244.5
1505,52.958035,52.1,24.838604,25.79,2.1004303,1.85,10.736442,10.59,12.288577,12.8,324.84512,323.0,4.3195424,3.54,281.8094,280.4
2077,38.09989,37.5,30.158106,31.0,1.1341041,1.08,7.7027764,8.22,9.948724,10.17,390.25482,388.6,2.1762936,2.42,369.7309,367.9
2036,46.612736,45.2,23.305094,24.0,1.5778335,1.63,7.6214743,8.27,9.983532,10.3,365.43655,367.6,2.8407183,3.32,350.5285,352.5
920,52.604477,53.0,22.669344,22.19,2.355411,2.25,10.531493,10.72,11.939338,11.89,293.25168,293.3,4.6252904,5.2,219.49149,220.1
571,41.688843,42.8,28.539412,27.18,1.077336,1.52,9.8066635,9.01,10.381425,10.66,301.5034,303.0,3.6988733,3.54,215.31499,216.1
1101,47.486065,47.6,24.253601,24.32,1.8592447,1.79,9.713026,9.85,11.17476,11.28,304.3642,305.8,4.1416664,4.42,238.84357,241.4
2103,45.24693,45.0,29.477076,29.0,1.747676,1.4,9.656259,9.18,11.588712,11.49,374.8761,374.4,2.7455192,2.68,359.07318,357.9
1213,66.59315,67.3,14.56642,14.69,3.1859856,3.38,10.4326515,10.41,12.443511,12.26,299.3614,300.2,5.1461835,5.65,248.73526,246.8
1308,51.202232,53.0,24.123299,24.98,2.1843605,2.0,10.473944,10.72,12.000624,12.68,307.35422,309.4,4.4302616,4.44,251.9898,252.8
562,41.46168,42.5,28.348413,27.16,1.0808929,1.5,9.704059,8.99,10.326436,10.61,300.51413,303.0,3.724484,3.46,214.60779,215.6
713,49.356163,48.0,23.684763,22.9,2.0011773,1.9,9.857991,9.69,11.201949,10.8,294.6429,293.9,4.6029916,4.19,216.0872,217.6
1163,40.57032,39.4,30.59535,31.46,1.3173985,1.19,10.083426,9.86,11.143252,11.22,320.50098,321.5,3.6704018,3.63,249.88072,250.8
1341,38.747025,39.5,31.795492,32.13,1.1373869,1.13,9.951345,9.72,11.195163,11.43,334.45926,335.2,3.452871,3.45,271.94287,272.4
1922,33.13563,33.8,35.863438,35.61,0.776808,0.82,8.16585,8.12,10.244534,10.25,411.5357,407.3,1.9502215,2.01,381.3263,377.9
759,39.43023,38.3,28.862114,29.48,1.1656948,1.19,9.335059,9.27,10.374216,10.31,305.59875,307.9,3.8733654,3.48,224.07382,226.3
938,35.142216,35.3,30.346493,30.85,0.78140736,1.07,8.954946,8.43,9.99729,9.84,320.95135,322.5,2.9865382,3.48,241.78061,241.6
964,42.907913,43.0,28.190493,29.04,1.6495615,1.47,10.045077,10.44,11.128717,11.5,305.27005,305.8,3.8737392,4.7,225.34618,224.2
1288,45.12723,43.6,24.662643,26.17,1.4525871,1.48,8.995372,9.28,10.547475,10.86,320.4224,321.8,3.654601,3.96,261.58246,264.1
1513,52.706127,53.4,24.920174,25.64,2.1326494,1.92,10.821187,10.8,12.29088,13.12,321.6352,321.2,4.2338634,3.6,276.55692,276.9
1957,65.25108,63.7,15.831694,14.0,2.6724606,3.25,9.5859585,8.78,11.841277,10.95,346.10938,348.0,4.025789,5.13,332.73877,334.4
930,51.66453,53.1,23.099146,22.15,2.357277,2.25,10.567154,10.69,11.937384,11.84,292.07153,293.5,4.4921865,5.29,220.09349,220.5
958,41.736702,42.4,28.415524,29.17,1.4926983,1.44,9.829307,10.29,10.903558,11.4,305.46008,306.4,3.8596067,4.65,225.54294,223.9
904,47.417416,49.8,23.70347,22.91,1.9130479,2.04,9.679026,9.93,11.036273,11.39,294.16644,295.8,4.22981,4.94,219.2596,219.3
1552,41.520203,41.3,33.248066,33.13,1.1361341,1.15,10.689372,9.93,11.8313,12.19,353.60406,350.3,3.3538916,2.78,303.16757,299.4
2127,31.94447,31.5,38.88431,38.0,0.94635856,0.72,8.526781,7.74,10.762615,9.84,434.53775,433.3,1.5758158,1.71,410.72388,409.7
1054,54.51981,55.7,19.707376,18.8,2.307548,2.53,9.594185,9.63,11.297246,11.27,300.72675,300.0,4.485136,5.07,236.37892,237.0
1327,35.508224,33.0,32.045414,33.99,0.6421138,0.84,8.929855,8.5,10.219622,9.93,349.56955,350.2,2.8729568,3.0,284.70502,283.6
1446,51.5755,50.0,20.5047,20.87,1.5728341,2.04,8.749875,8.85,10.496777,10.66,323.76062,326.2,3.8805509,4.29,284.00552,285.5
564,39.959496,42.2,28.689407,26.82,0.9567498,1.51,9.435996,8.89,10.135967,10.42,302.32553,304.3,3.7105477,3.42,218.62544,219.8
1249,54.286785,53.9,19.324272,20.3,2.133056,2.27,9.305283,9.68,11.079745,11.37,307.2915,308.6,4.304239,4.86,253.76254,254.3
1114,52.38203,51.2,23.655514,23.79,2.2914104,2.0,10.641438,10.67,12.06656,12.1,301.3536,299.4,4.5905833,4.62,232.19803,231.6
2032,42.705532,41.6,24.517025,25.0,1.2695656,1.46,6.930604,7.74,9.33631,9.71,373.94058,374.7,2.4647107,3.21,355.8903,356.6
939,34.57879,34.7,30.60243,30.93,0.7514379,1.04,8.908001,8.32,9.936121,9.69,321.97833,323.4,2.8962896,3.51,243.43971,241.7
925,53.509514,54.3,22.376007,21.97,2.519589,2.33,10.712141,11.01,12.106034,12.15,290.31894,291.2,4.6450863,5.4,215.04951,214.9
580,41.437065,42.8,28.609182,27.18,1.0539465,1.53,9.839445,9.02,10.353107,10.68,300.93094,303.0,3.582422,3.58,215.22157,216.1
558,39.69665,41.6,28.665985,26.83,0.9519069,1.47,9.377914,8.84,10.09977,10.31,302.55255,304.7,3.6772935,3.32,219.06009,220.1
926,53.058075,53.7,22.403318,22.08,2.4467907,2.29,10.627234,10.84,12.025673,11.98,290.93567,292.9,4.6058245,5.24,217.63075,220.0
936,51.39216,53.2,23.071089,22.13,2.3841047,2.26,10.5856495,10.7,11.929203,11.85,290.03867,293.3,4.4143977,5.31,218.6527,220.0
1258,61.850212,61.9,17.906446,19.65,2.9129057,2.76,10.657023,10.97,12.476785,12.85,298.43286,299.2,5.0815363,5.05,243.65765,243.4
1755,40.124157,39.0,34.37158,34.66,1.099161,1.01,10.333236,9.24,11.697215,11.67,374.4744,375.2,2.8338802,2.31,338.90497,341.2
1515,51.90789,51.8,25.130182,25.85,2.0985026,1.83,10.734812,10.54,12.2254925,12.75,322.4605,323.1,4.1402745,3.59,279.81906,280.8
1603,62.381737,64.1,16.224163,15.99,2.3284822,3.07,9.6226015,9.52,11.581925,11.76,325.90134,326.8,4.296699,4.63,299.12546,301.5
1309,52.785107,53.7,23.995874,24.71,2.2936115,2.02,10.725174,11.02,12.218534,12.97,307.8035,307.0,4.556586,4.37,248.88936,248.1
1342,39.90007,40.5,31.794422,32.55,1.2054223,1.16,10.140077,10.07,11.31207,11.8,332.84332,332.1,3.6158457,3.46,266.95462,266.2
1468,64.1819,64.6,18.55011,19.63,3.020507,2.82,11.22619,11.2,13.022759,13.54,309.05557,308.1,5.0341315,4.32,267.45917,267.2
917,51.945007,52.6,22.839867,22.29,2.2798898,2.21,10.42284,10.62,11.825885,11.82,293.6927,293.8,4.599514,5.12,219.89803,221.3
774,39.907104,38.4,28.865337,29.56,1.2645615,1.19,9.604621,9.32,10.591572,10.35,304.1803,307.5,3.7675223,3.47,223.27151,226.4
1916,28.216387,29.6,37.247505,37.13,0.42183778,0.68,6.914575,7.08,9.25912,9.1,431.58646,428.0,1.4142482,1.85,400.22842,395.1
722,49.591084,48.6,23.8289,22.92,2.0666652,1.95,10.046807,9.8,11.352728,10.93,293.48166,293.3,4.5735307,4.2,214.6794,217.2
1272,62.78568,64.9,18.156227,19.02,3.1189177,2.98,11.048979,11.13,12.854257,13.22,295.95316,299.2,5.157172,5.1,244.7168,247.4
1082,62.862087,61.1,17.85847,18.62,3.0928001,2.84,11.04841,10.92,12.757417,12.32,289.31137,292.0,5.310253,5.24,227.06676,229.8
2037,46.587612,45.2,23.369944,24.0,1.6241181,1.64,7.6251597,8.19,10.016021,10.24,366.4511,368.7,2.8020988,3.37,352.03412,354.0
2022,67.95562,67.8,17.936657,17.0,3.2808938,3.2,11.178921,10.07,13.272401,12.55,339.56616,340.5,4.423771,4.44,327.63782,329.1
1920,30.839643,31.7,36.267628,35.92,0.6568465,0.74,7.5639677,7.58,9.78145,9.63,419.04367,416.7,1.6740118,1.97,388.54434,386.4
2055,56.349514,56.0,22.419514,22.0,2.429014,2.2,10.101604,9.69,12.145229,12.07,350.24164,351.4,3.6021051,3.61,338.3966,337.8
1640,48.497128,49.1,21.587616,21.66,1.32452,1.94,7.917787,8.34,9.911863,10.45,345.12796,344.7,3.3127248,3.8,316.55322,317.8
1538,40.073586,39.4,33.262608,33.39,1.0180383,1.08,10.327166,9.57,11.570011,11.66,356.79532,353.9,3.220747,2.66,307.21362,304.8
1469,64.37101,63.7,18.460247,19.73,3.019279,2.76,11.200784,11.06,13.027847,13.35,310.21216,309.2,5.047372,4.28,271.2512,270.1
937,36.1685,35.9,30.359215,30.75,0.8670459,1.11,9.150487,8.54,10.163287,9.99,322.03543,321.1,3.0172942,3.54,241.2644,238.6
733,49.242565,49.1,23.645779,22.81,2.1548572,1.98,10.118584,9.96,11.358113,11.04,287.71594,290.9,4.444546,4.45,208.00002,210.1
2133,34.173664,32.7,38.682777,36.99,1.0939766,0.76,9.109354,7.96,11.2222,10.13,430.16736,428.4,1.7562032,1.76,406.91052,405.6
1672,62.479107,63.6,19.725685,20.22,2.7354734,2.65,11.1369,10.95,12.859118,13.5,320.35965,321.5,4.5960717,3.88,290.99524,295.5
779,40.953773,38.6,28.84412,29.48,1.3841715,1.21,9.79292,9.43,10.772478,10.43,305.12543,306.7,3.8017154,3.49,222.91527,225.4
2006,64.48086,63.4,17.171904,17.0,2.9343345,2.92,10.070231,9.68,12.309982,12.0,340.53473,343.4,4.1134024,4.29,330.35953,331.8
1109,51.300705,50.1,23.401535,23.98,2.1306787,1.93,10.315905,10.46,11.774323,11.84,299.98505,301.7,4.597858,4.52,233.2985,237.0
1943,38.817726,37.7,35.476414,35.05,1.1870683,0.94,9.849115,9.02,11.567931,11.27,396.15958,392.7,2.4736412,2.18,368.83344,365.2
1496,51.155716,50.1,24.745161,25.95,1.9157771,1.77,10.282752,10.27,11.870244,12.35,326.77243,325.4,4.1027274,3.51,282.95444,282.4
1271,64.10729,65.2,17.64704,18.91,3.1651917,2.98,11.113248,11.27,12.930713,13.34,295.88123,298.5,5.2869267,5.0,244.40628,246.5
2126,31.898268,31.2,38.88177,37.98,0.87612164,0.71,8.504176,7.79,10.710783,9.86,434.14087,433.1,1.6198136,1.67,410.2198,408.8
869,59.778374,60.4,18.333275,17.38,2.8007371,2.96,10.512081,10.32,12.165194,11.74,288.3076,289.9,5.12968,5.57,218.18332,219.3
916,52.071762,53.2,22.9392,22.19,2.2949052,2.25,10.437118,10.76,11.822174,11.98,293.10226,292.1,4.6653047,5.29,217.36403,215.6
1844,56.264744,56.3,20.750347,20.95,2.0412052,2.26,9.479131,9.66,11.483225,11.96,344.66815,341.7,3.8269727,3.79,325.51056,322.2
2016,67.76919,67.0,17.653408,17.0,3.2314012,3.14,11.02646,9.97,13.149352,12.43,340.0165,341.2,4.3937526,4.43,328.70233,329.7
1217,68.51885,69.5,14.189324,14.64,3.4046054,3.53,10.767577,10.64,12.806655,12.55,297.0168,299.8,5.342425,5.58,248.37384,249.2
1281,62.4097,65.5,18.450165,18.24,3.109349,3.02,11.131631,11.2,12.879635,13.32,295.29968,298.7,5.0730896,5.13,244.41481,246.7
1484,43.506203,41.3,25.846104,26.91,0.91061914,1.37,8.556778,8.55,10.111037,10.35,341.8533,341.7,3.281169,3.34,297.4701,296.8
2071,32.30908,31.8,32.122368,32.0,0.71622455,0.85,6.419968,7.08,8.8983,8.92,411.59152,410.0,1.5917171,2.19,387.83807,387.7
1992,46.630924,44.5,21.16707,19.0,1.4885068,1.84,6.362485,6.91,9.034568,8.94,375.1306,377.1,2.604895,4.19,361.88528,362.8
1170,40.518578,38.9,30.650383,31.51,1.3392627,1.16,10.132922,9.78,11.187574,11.05,320.29318,321.7,3.626545,3.74,251.10464,250.3
914,50.84943,52.0,22.943747,22.42,2.184558,2.17,10.241616,10.47,11.632519,11.72,292.68878,294.4,4.5273137,5.06,219.23509,221.8
2113,27.567152,25.0,41.16196,40.0,0.37344894,0.51,7.253377,6.57,9.723062,8.32,465.36954,466.0,1.2494093,1.55,434.53635,434.1
2096,44.176414,44.5,29.290712,29.0,1.6499614,1.38,9.36572,9.2,11.327936,11.45,373.7768,374.7,2.6859698,2.59,358.39886,357.7
574,41.58787,42.8,28.550634,27.18,1.0694094,1.52,9.814813,9.01,10.366417,10.67,301.169,303.0,3.6533499,3.56,215.16647,216.0
568,41.529133,42.7,28.389109,27.17,1.0566398,1.51,9.763523,9.01,10.351193,10.65,300.1839,303.0,3.7190871,3.53,214.3266,215.6
2035,46.607464,45.1,23.367773,24.0,1.5377511,1.63,7.7304764,8.37,10.010451,10.36,363.36865,364.5,2.8362284,3.47,346.36285,343.8
902,45.82318,47.7,24.185915,23.26,1.7975813,1.91,9.467458,9.5,10.832339,10.95,297.99152,299.4,3.9798586,4.67,224.52657,226.1
2069,29.174063,27.4,34.020203,33.0,0.5014999,0.68,5.4981003,6.01,8.2957735,7.81,438.891,437.1,1.2248458,1.99,415.59695,414.7
1895,48.96933,49.1,26.722395,26.97,1.7762364,1.61,10.007626,9.88,11.770495,12.21,354.357,354.0,3.3143697,3.01,333.36545,331.7
870,58.75984,59.7,18.583708,17.45,2.7357845,2.91,10.402955,10.19,12.045387,11.58,287.75772,290.6,5.049905,5.61,219.43498,220.5
2128,32.855644,31.7,39.127865,37.96,0.8760693,0.74,8.909081,7.98,10.988928,10.03,432.07614,429.5,1.7321682,1.68,406.5032,403.6
708,47.08773,45.8,24.058329,23.08,1.8460597,1.75,9.523918,9.35,10.859869,10.41,295.19836,296.6,4.3428664,4.07,218.1958,220.0
1079,62.886017,61.0,17.783781,18.64,3.077955,2.84,11.007442,10.91,12.729375,12.31,289.28857,292.2,5.3462057,5.24,226.75932,230.0
2114,27.422737,25.2,40.976,40.0,0.4240767,0.52,7.119757,6.52,9.65992,8.3,466.18185,465.2,1.2000471,1.52,437.23273,433.4
1304,52.28655,52.6,23.924486,24.87,2.1845157,1.96,10.525489,10.76,12.075242,12.66,310.0807,309.5,4.5569186,4.29,253.3632,253.6
947,38.030067,39.7,29.463486,29.33,1.0692834,1.29,9.314741,9.49,10.383491,10.81,311.1302,312.8,3.5717895,4.1,232.60089,233.6
755,40.024982,38.3,28.759706,29.34,1.1525401,1.2,9.307797,9.33,10.322633,10.35,306.26657,307.5,3.9630885,3.5,223.4481,225.5
1253,57.9029,57.2,18.76363,20.1,2.4479434,2.48,9.866383,10.18,11.697117,11.94,305.76108,305.1,4.743483,4.96,252.95163,252.0
1319,52.545013,54.0,23.886175,24.87,2.2871156,2.05,10.693701,10.96,12.169898,12.96,306.10367,308.2,4.497843,4.3,250.99443,253.0
1731,36.838734,37.3,34.026493,34.16,0.93122375,0.96,9.291436,8.84,10.929701,11.1,379.86237,379.9,2.5409672,2.25,342.81015,345.3
2039,50.11696,48.4,22.84923,23.0,1.8294934,1.8,8.368949,8.79,10.6591425,10.89,362.11673,361.2,3.1445584,3.38,348.28436,346.6
1669,62.64166,63.5,19.527447,20.24,2.7362678,2.65,11.104707,10.94,12.844784,13.49,320.01825,321.6,4.621975,3.88,291.01593,295.6
716,49.25017,48.3,23.603642,22.89,2.0178223,1.93,9.873028,9.74,11.201838,10.87,292.5993,293.6,4.5901475,4.2,214.14609,217.2
1835,42.437622,44.4,23.5774,23.0,1.157384,1.67,6.638618,7.61,9.021614,9.68,367.40457,365.7,2.5515897,3.63,346.2228,343.7
1648,59.857235,59.8,19.284998,20.7,2.3063188,2.49,10.188886,10.26,12.024686,12.6,326.9436,326.5,4.3653316,3.86,297.36768,299.8
1102,50.46921,50.1,23.704868,24.08,2.0975406,1.93,10.210154,10.35,11.675481,11.85,303.17056,301.4,4.4156785,4.62,233.64987,232.7
1291,48.376186,46.8,24.348265,25.83,1.7621192,1.64,9.616535,9.91,11.200507,11.55,318.30893,315.2,4.0637918,4.2,258.3142,255.1
1876,38.13845,40.0,28.402435,28.47,0.97523355,1.24,7.3274746,8.14,9.493066,10.25,378.54486,375.5,2.27936,2.73,351.46817,349.9
2138,34.889862,33.0,38.63559,36.98,1.0789425,0.78,9.309696,8.11,11.328848,10.27,427.01758,426.4,1.8823874,1.72,403.97882,403.5
1725,34.389732,34.7,34.029327,34.57,0.6950309,0.87,8.441536,8.22,10.235248,10.36,387.73514,388.7,2.3015203,2.14,349.18607,353.2
754,40.773396,38.7,28.52824,29.78,1.0872518,1.22,9.440593,9.44,10.333408,10.44,304.50104,305.7,3.9828184,3.65,220.30385,221.0
1275,62.94774,65.2,18.385117,18.25,3.1333141,3.0,11.138967,11.16,12.931542,13.27,297.3064,298.9,5.1553373,5.11,246.0414,247.0
1081,62.932716,62.0,17.975405,18.56,3.1477985,2.91,11.141975,11.03,12.830973,12.51,289.18677,290.9,5.257937,5.27,224.99393,226.9
778,41.36024,38.9,28.628036,29.31,1.3991648,1.23,9.771432,9.55,10.695297,10.52,303.06168,304.7,3.8379133,3.67,219.3533,219.7
1955,60.671154,59.1,16.749989,14.0,2.3394296,2.96,8.599448,8.07,11.00658,10.23,354.66922,356.0,3.6455169,5.1,342.53204,344.5
1679,38.12797,39.6,27.121723,27.37,0.82373977,1.26,7.1510234,7.88,9.191837,9.95,365.34784,365.9,2.470677,2.84,333.16864,334.9
1937,37.940407,37.4,35.57517,35.1,1.1546528,0.93,9.67505,8.94,11.442382,11.19,397.35138,393.9,2.38737,2.17,369.6057,366.0
732,48.14331,48.3,24.117542,23.06,2.0157082,1.92,10.029554,9.72,11.267943,10.87,290.5277,293.9,4.347086,4.17,213.6068,218.4
1804,65.320694,67.4,16.284267,16.0,2.673015,3.21,10.234923,10.01,12.2570305,12.4,331.63586,331.9,4.3304586,4.57,313.46106,312.7
1120,51.78628,51.3,23.491558,23.74,2.3011456,2.01,10.604048,10.69,11.988057,12.14,297.3896,299.5,4.4730124,4.57,229.28444,232.5
1521,51.267307,51.9,25.385757,25.85,2.0553865,1.83,10.722368,10.55,12.163913,12.76,321.91052,323.1,4.050804,3.59,279.03537,280.7
1800,58.336338,59.1,17.64899,17.0,2.1119492,2.74,8.717298,8.72,10.914589,10.93,344.0053,344.0,3.7411726,4.68,326.6758,326.1
1886,45.179157,46.7,26.65705,27.14,1.524366,1.51,8.932405,9.41,10.877255,11.68,358.67865,358.9,2.985458,2.94,336.67377,336.0
1913,26.528154,25.9,38.932743,37.69,0.2559401,0.57,6.319792,6.13,8.897155,8.08,456.81836,455.8,1.1641213,1.53,423.69846,424.8
1717,29.880678,30.3,35.26288,35.29,0.34545663,0.73,7.149883,7.13,9.2110405,9.18,410.27887,409.5,1.7098873,1.91,370.12207,371.6
1855,61.939106,61.6,20.333696,20.83,2.5209317,2.53,10.963126,10.55,12.7537775,12.99,335.459,333.9,4.2955403,3.85,315.52036,313.2
2075,34.135902,34.9,30.755829,31.0,0.9301665,0.97,6.7693243,7.64,9.202609,9.53,397.62543,396.3,1.8022201,2.52,378.25186,370.7
1091,62.496056,61.2,18.258371,18.6,3.117227,2.85,11.155755,10.93,12.819552,12.34,289.9603,292.0,5.1773562,5.23,228.26398,229.8
1905,49.5856,49.3,27.087503,26.91,1.8484787,1.61,10.304689,9.91,11.998525,12.23,353.79443,353.2,3.3545465,3.09,332.61685,331.0
1728,36.438316,36.3,34.09339,34.32,0.8461864,0.93,9.043077,8.61,10.74779,10.81,384.8951,382.9,2.5109072,2.21,346.65613,348.0
1753,41.42593,39.6,34.42136,34.45,1.0269119,1.03,10.60339,9.48,11.849995,11.91,374.4936,372.8,3.018625,2.3,336.25928,337.7
2034,42.43103,41.7,24.424208,24.0,1.3268869,1.47,6.7494383,7.57,9.263858,9.59,375.92233,377.5,2.4322,3.28,360.47583,361.1
2023,68.472336,68.0,17.840187,17.0,3.248115,3.22,11.194571,10.28,13.247692,12.7,339.07925,338.1,4.5302663,4.32,325.69983,324.7
2125,31.913706,31.0,39.258015,37.96,0.7958561,0.71,8.649341,7.86,10.782458,9.87,434.7684,432.3,1.6603671,1.66,408.694,406.0
1460,64.0079,62.2,18.053835,19.82,2.9425578,2.69,10.954788,10.86,12.828698,13.05,310.39722,310.5,5.031723,4.27,271.25183,271.2
1365,40.756157,41.7,31.820961,32.09,1.3268896,1.24,10.4410515,10.05,11.55584,11.96,332.0082,332.1,3.5347233,3.54,271.42276,270.1
2092,43.816387,43.9,29.527037,29.0,1.5657684,1.37,9.36144,9.23,11.272861,11.42,374.1149,374.2,2.676519,2.55,356.72803,355.2
1723,34.85117,35.5,33.88432,34.4,0.6233635,0.91,8.55035,8.46,10.255728,10.63,385.47818,385.3,2.381025,2.17,345.7208,348.3
2134,34.339085,32.6,39.019176,37.96,0.98985946,0.77,9.301152,8.13,11.292272,10.23,428.8026,426.5,1.8498633,1.7,403.73087,401.1
1692,49.489536,48.9,25.603016,26.19,1.6064585,1.64,9.988804,9.76,11.586588,12.06,341.67157,343.5,3.612832,3.09,310.8833,314.9
2143,35.808117,32.9,39.047867,37.96,1.030333,0.78,9.605119,8.2,11.504956,10.31,427.63895,424.8,2.0314462,1.72,402.22946,399.2
2059,57.904957,56.6,22.82839,22.0,2.3263843,2.24,10.5896845,9.97,12.426701,12.3,349.55807,348.6,3.8385224,3.49,334.5928,333.4
1557,40.879196,40.1,33.10169,33.35,1.1271595,1.09,10.590118,9.7,11.740787,11.84,351.887,352.3,3.2405412,2.74,304.49234,303.3
1153,40.247112,39.9,30.420475,31.45,1.3022829,1.22,10.014361,9.93,11.08175,11.35,319.37854,320.1,3.631785,3.72,245.46661,246.6
2056,57.342182,56.2,22.58789,22.0,2.3113694,2.22,10.42985,9.92,12.296653,12.24,348.21478,348.9,3.7717803,3.49,333.74957,333.4
2020,68.64289,67.8,17.658117,17.0,3.2595751,3.2,11.163588,10.26,13.241384,12.68,339.296,338.2,4.5353456,4.32,326.33957,324.8
1152,39.176495,38.6,30.698444,31.64,1.1605737,1.15,9.818265,9.68,10.93156,10.97,320.97437,322.7,3.6565921,3.69,250.189,252.0
1057,57.702274,58.2,19.04199,18.49,2.584027,2.67,10.0950365,10.15,11.828296,11.75,298.5049,295.8,4.810935,5.27,233.7842,230.8
1544,40.57827,40.2,33.12284,33.3,1.0637488,1.1,10.466236,9.73,11.67072,11.89,353.43478,352.4,3.30556,2.69,304.88675,303.4
1539,39.826893,38.8,33.37322,33.47,1.0321933,1.05,10.334532,9.46,11.585327,11.49,357.13242,354.7,3.1690795,2.68,307.75174,305.7
880,63.74665,64.1,17.254078,16.73,3.2479692,3.23,11.150528,11.08,12.834202,12.33,284.0898,285.8,5.372466,6.0,212.10284,210.5
868,59.560486,61.1,18.272142,17.3,2.8209589,3.01,10.50465,10.44,12.141835,11.9,286.04187,288.2,5.1156387,5.69,214.24901,214.8
1918,30.07057,32.0,36.405384,36.76,0.5311711,0.76,7.5351257,7.75,9.653913,9.82,415.5687,413.5,1.6686614,1.96,383.52213,379.4
1541,40.456074,39.9,33.295998,33.33,1.0529829,1.09,10.445829,9.67,11.6702585,11.79,355.72815,353.0,3.2823753,2.68,306.4402,303.9
552,39.470776,40.4,28.80469,27.52,0.96892524,1.39,9.338448,8.69,10.118121,10.09,305.2725,306.1,3.6273677,3.16,221.63972,220.8
1107,49.634586,49.1,23.76898,24.09,2.041722,1.87,10.095747,10.24,11.561602,11.59,300.69275,303.0,4.4129,4.54,235.75475,238.5
1660,63.233536,63.2,19.107668,20.34,2.7454872,2.64,11.046966,10.84,12.848852,13.37,321.36597,322.3,4.676657,3.89,292.37592,296.0
897,62.12477,63.5,18.191414,16.79,3.2000957,3.2,11.18768,10.9,12.81373,12.11,284.92465,288.7,5.1570983,5.77,216.1336,219.2
1301,51.634155,51.6,23.937174,24.89,2.1206236,1.91,10.364484,10.64,11.930345,12.47,311.19135,310.3,4.4783607,4.28,254.0989,254.0
2029,37.941727,35.8,26.545021,26.0,0.9628459,1.18,5.922409,6.74,8.558026,8.62,395.05463,394.0,1.9714803,2.95,376.25568,377.6
932,52.982494,53.9,22.412312,22.03,2.4968836,2.31,10.688718,10.89,12.0675955,12.03,289.57303,292.9,4.5370326,5.24,216.68832,220.2
1849,60.58791,60.0,20.293867,20.88,2.3539546,2.45,10.590874,10.29,12.404646,12.7,337.63742,335.9,4.1454763,3.82,317.49814,315.2
1946,38.883736,37.7,35.446224,35.04,1.1885096,0.94,9.870043,9.03,11.565235,11.28,395.17377,392.4,2.4790933,2.19,367.92847,364.7
1416,68.67957,68.6,14.779307,14.72,3.3348994,3.38,10.888117,10.5,12.929991,12.56,307.30536,308.7,5.077873,4.97,270.52585,271.7
1907,50.102562,50.0,26.968048,26.89,1.8152615,1.65,10.355846,10.05,12.005813,12.39,353.00098,352.4,3.4401581,3.04,331.70325,330.4
911,49.934647,51.3,23.193117,22.59,2.0989535,2.13,10.1027975,10.29,11.485838,11.61,293.56674,295.1,4.4531474,4.99,220.1527,222.3
894,62.36191,63.5,18.001957,16.79,3.1930733,3.19,11.155191,10.9,12.79591,12.11,284.68442,288.7,5.209073,5.78,215.91644,219.1
1118,52.122166,50.5,23.413113,23.84,2.2428598,1.95,10.525027,10.58,11.960575,11.94,299.73383,300.8,4.6036835,4.53,233.50609,235.9
567,40.000214,42.4,28.706238,26.83,0.95070827,1.52,9.460358,8.9,10.143324,10.45,302.1617,304.2,3.7045388,3.46,218.47086,219.9
1935,36.67053,36.7,35.543304,35.2,1.1511763,0.9,9.443212,8.76,11.262225,10.98,396.7091,396.0,2.2167728,2.18,368.97928,368.2
1504,52.942062,52.8,24.97246,25.69,2.1239452,1.9,10.804371,10.71,12.325654,12.99,324.15677,321.8,4.3114176,3.58,277.9351,277.5
745,39.602463,36.6,28.578142,30.4,0.9715333,1.1,9.268326,9.13,10.178518,10.02,306.77823,308.8,3.7602053,3.59,223.25851,222.9
1287,62.228043,65.5,18.837692,18.25,3.0974388,3.02,11.222989,11.2,12.934504,13.33,296.6027,298.8,5.026311,5.11,245.14821,247.0
1902,49.228935,49.2,26.890995,26.93,1.8273717,1.61,10.198149,9.88,11.91094,12.19,352.59732,353.6,3.3276684,3.08,331.64636,331.3
1805,65.22339,66.8,16.418741,16.0,2.6783774,3.17,10.213805,9.89,12.258503,12.26,333.06116,333.4,4.320936,4.56,316.20224,316.2
1105,51.018284,50.6,23.505056,23.99,2.1437201,1.96,10.323118,10.48,11.76733,11.95,300.2459,300.5,4.511371,4.64,230.81415,232.1
1285,63.359573,65.9,18.34081,18.78,3.174315,3.01,11.320437,11.48,13.018584,13.56,295.20572,296.5,5.0867534,5.06,241.53522,241.7
1087,62.76079,62.0,18.294407,18.54,3.1642437,2.91,11.229106,11.04,12.888986,12.52,290.23135,291.0,5.1765256,5.24,226.41211,227.3
1863,61.31467,60.9,20.460478,20.82,2.5925498,2.48,10.965925,10.41,12.75558,12.81,332.43378,335.1,4.226407,3.91,314.15732,316.1
1808,67.003006,68.8,16.07659,16.0,2.9804163,3.29,10.550367,10.18,12.642232,12.6,330.23355,331.0,4.458955,4.56,313.66946,313.9
2124,30.864147,30.5,39.023552,38.0,0.85357404,0.68,8.202759,7.55,10.502019,9.61,437.96555,437.5,1.4877683,1.67,413.53613,413.5
1124,51.766563,50.6,23.51666,23.8,2.2520041,1.96,10.559764,10.6,11.956713,11.97,298.377,300.5,4.5123453,4.54,232.89195,235.3
1345,40.254993,40.9,31.823488,32.55,1.2315074,1.18,10.232397,10.15,11.384847,11.92,332.24435,331.4,3.6611764,3.47,266.76862,265.9
2058,56.399387,56.5,22.47611,22.0,2.436086,2.22,10.166502,9.74,12.176744,12.14,348.819,351.0,3.6209252,3.62,336.91092,337.4
705,45.58047,43.9,24.2975,23.74,1.7589747,1.62,9.276608,9.09,10.607573,10.08,295.7958,298.5,4.151615,3.97,218.877,220.8
753,38.969135,37.8,29.042633,29.47,1.0712836,1.16,9.219066,9.18,10.229666,10.2,307.56787,308.9,3.8118203,3.45,225.95815,227.1
1529,37.387314,36.1,32.772568,33.79,0.6133082,0.96,9.373892,8.88,10.690704,10.76,361.28857,361.8,2.9616644,2.54,311.18115,311.7
946,38.33867,40.2,29.418882,29.85,1.0654796,1.32,9.339946,9.6,10.398818,10.97,310.59314,311.1,3.6596045,4.23,230.12918,228.3
2085,40.869896,41.5,29.324625,29.0,1.4871265,1.25,8.402143,8.66,10.608934,10.83,381.40567,381.3,2.332957,2.56,365.40756,363.8
969,41.204273,42.0,28.696306,29.24,1.5221852,1.42,9.944002,10.14,11.002374,11.2,306.16803,308.2,3.6530545,4.58,229.55533,229.6
1262,63.280914,63.0,17.501358,18.96,3.0183244,2.83,10.810469,11.01,12.660302,12.96,297.56116,299.9,5.243815,4.98,245.59152,247.8
2115,27.777613,25.3,40.83382,40.0,0.49856392,0.52,7.134549,6.46,9.711968,8.28,466.8112,467.7,1.1855371,1.5,438.58643,440.0
1691,49.708347,49.4,25.382578,26.12,1.569032,1.67,9.964473,9.88,11.54877,12.21,340.83905,342.6,3.656716,3.06,310.30234,314.1
1921,32.66777,34.0,36.040947,35.53,0.7052759,0.83,8.197112,8.21,10.202941,10.36,409.56326,405.8,1.9313196,2.02,378.10464,374.4
2116,28.850025,27.1,40.219982,39.99,0.51404786,0.58,7.6678896,7.08,10.017168,8.9,451.79636,450.7,1.3888491,1.63,422.60257,420.0
1931,36.096165,36.6,35.527897,35.22,1.0528259,0.91,9.210262,8.77,11.060626,11.0,398.56006,396.5,2.208527,2.17,370.44455,368.2
2112,26.865679,23.0,42.29767,41.0,0.34465745,0.45,6.7811084,5.85,9.516534,7.64,487.6441,488.4,1.0578989,1.39,457.52774,457.9
1364,41.141556,41.7,31.64192,31.96,1.3425545,1.23,10.442159,10.16,11.550563,12.03,331.31824,331.6,3.5841055,3.45,270.2256,269.5
1934,36.833183,37.0,35.436703,35.15,1.1085985,0.92,9.433045,8.86,11.226122,11.11,395.88196,395.0,2.2712383,2.19,368.09146,367.1
1796,52.278175,53.2,18.833809,17.0,1.6950749,2.4,7.4555707,7.86,9.805334,9.99,353.51804,353.5,3.1985166,4.63,335.6587,333.8
565,41.423744,42.6,28.309418,27.16,1.0513964,1.51,9.727703,9.0,10.327135,10.63,299.62225,303.0,3.7241905,3.51,213.921,215.5
1893,48.03158,48.1,26.793964,27.03,1.783538,1.57,9.80863,9.67,11.632911,11.96,355.88776,355.8,3.1676652,3.04,334.52075,333.3
1273,64.012405,65.6,17.883692,18.77,3.1868463,2.99,11.218993,11.44,12.988725,13.51,295.2194,296.6,5.249116,5.07,241.2955,241.4
1212,61.999912,62.5,15.494099,15.28,2.690101,3.07,9.609888,9.54,11.575674,11.34,303.06155,306.7,4.7754464,5.77,255.55717,254.9
1555,41.70162,41.3,33.198154,33.12,1.1653712,1.15,10.717525,9.93,11.851014,12.2,353.23822,350.3,3.3464859,2.77,302.69345,299.6
1655,62.692524,61.7,18.868591,20.55,2.6614578,2.57,10.771928,10.54,12.634562,12.98,324.01288,324.6,4.5821276,3.86,297.47656,299.4
2065,57.702446,56.7,23.114101,22.0,2.3026443,2.25,10.655082,9.99,12.435108,12.32,348.8415,348.4,3.8363354,3.5,333.3444,333.2
1423,72.3075,74.1,14.320546,14.37,3.6660094,3.72,11.609111,11.23,13.641792,13.55,304.47424,303.8,5.4379582,4.93,265.83228,264.7
2081,39.124664,39.6,29.47918,30.0,1.2906479,1.17,7.9179225,8.48,10.161651,10.53,383.6023,384.8,2.256666,2.45,366.46887,366.7
2100,44.854305,44.9,29.358536,29.0,1.7294084,1.4,9.550297,9.17,11.505991,11.47,374.42978,374.5,2.7051077,2.69,358.97305,357.4
551,40.309315,40.6,28.64353,27.41,1.0189952,1.39,9.441839,8.75,10.23334,10.19,305.49075,306.1,3.7268796,3.09,220.68059,221.4
1659,62.161762,61.7,19.26154,20.54,2.6935356,2.57,10.868435,10.52,12.702809,12.97,322.46323,324.4,4.5417895,3.92,295.93027,299.3
1537,40.113663,40.0,33.218075,33.28,1.0432758,1.1,10.367848,9.7,11.5845785,11.82,354.82828,352.4,3.2356482,2.69,302.76987,301.3
1260,61.12078,61.3,18.25377,19.14,2.8832197,2.74,10.5673,10.71,12.40839,12.6,300.2924,301.5,5.008845,5.1,248.3011,248.7
1716,51.00188,51.0,26.436733,26.72,1.8295659,1.72,10.733254,10.19,12.171658,12.67,338.57364,339.6,3.732949,3.16,307.72452,311.1
1486,46.558926,45.6,25.30853,26.4,1.3123523,1.57,9.254171,9.39,10.806084,11.32,334.34622,332.5,3.628223,3.45,286.92072,286.7
1459,63.713993,63.1,18.206057,19.73,2.9536045,2.74,10.992875,10.99,12.835783,13.23,309.17502,309.3,5.000057,4.31,267.23752,268.1
873,59.685932,60.6,18.197905,17.28,2.8379169,2.98,10.543126,10.39,12.19381,11.73,285.39655,289.9,5.127208,5.66,217.26826,219.8
944,36.871307,38.7,29.776318,29.58,0.9586065,1.24,9.140521,9.2,10.2192335,10.6,313.83035,315.0,3.4312298,3.97,235.04901,235.1
1042,71.71695,71.5,14.219511,13.33,3.859464,3.83,11.732348,11.08,13.654808,12.59,287.05383,289.5,5.770819,5.84,225.12038,226.5
1736,38.625706,38.8,34.021297,33.87,1.003684,1.01,9.872933,9.2,11.355428,11.58,374.65964,375.8,2.7418258,2.26,338.3512,341.7
1713,51.027496,51.0,26.258352,26.72,1.8250495,1.72,10.696609,10.19,12.151192,12.67,337.87744,339.6,3.7486567,3.17,307.53717,310.9
2072,31.020432,31.9,31.996992,32.0,0.6973722,0.85,6.0908756,7.0,8.655308,8.87,410.99298,411.6,1.4808481,2.19,390.20544,390.8
901,46.123714,48.3,24.245073,23.15,1.8337439,1.95,9.513176,9.62,10.875895,11.11,298.0049,297.6,4.039504,4.83,222.755,220.5
1274,64.20498,65.5,17.866657,18.91,3.1774445,3.0,11.197194,11.3,12.999244,13.39,296.92218,298.2,5.2783012,5.0,245.37512,246.4
1904,50.232,49.9,26.89967,26.9,1.8192624,1.65,10.344218,10.04,12.018534,12.38,353.7322,352.5,3.455221,3.03,332.5956,330.7
886,64.49162,64.8,16.9933,16.62,3.3727238,3.29,11.299529,11.22,12.983868,12.43,282.71268,285.9,5.3528934,5.99,210.86548,211.3
898,44.04838,45.8,24.811588,23.52,1.6890016,1.8,9.234625,9.14,10.593812,10.61,301.37064,301.7,3.7518442,4.45,226.05663,226.8
1749,39.560093,39.0,34.14694,34.67,1.0808686,1.01,10.200488,9.23,11.60184,11.66,372.56525,375.2,2.8097079,2.32,337.4512,341.1
959,41.685875,41.9,28.571512,29.3,1.468986,1.41,9.856112,10.15,10.945126,11.24,307.80557,308.4,3.8219335,4.46,229.55392,230.2
1553,41.470387,40.7,33.19653,33.25,1.1139028,1.12,10.638861,9.81,11.807468,12.01,354.7175,351.6,3.3409119,2.71,306.91547,302.7
1706,51.699135,51.3,25.620195,26.67,1.8167862,1.74,10.625202,10.28,12.11803,12.77,336.08154,339.1,3.8801503,3.12,306.41556,310.6
1807,67.24799,69.4,15.9299755,16.0,2.9896162,3.33,10.603093,10.3,12.67127,12.75,328.86298,329.6,4.475267,4.58,310.51883,310.3
2017,68.35499,67.4,17.38196,17.0,3.2402344,3.18,11.062792,10.22,13.152289,12.62,337.7693,338.5,4.4944296,4.32,325.17584,324.9
887,63.96972,64.1,17.287271,16.73,3.2765698,3.23,11.210419,11.04,12.89786,12.25,284.6753,287.9,5.363201,5.77,214.54947,217.5
1328,35.059452,32.8,32.122128,34.13,0.5516498,0.84,8.807179,8.39,10.103991,9.83,350.30295,350.8,2.8900664,3.06,287.48053,284.0
770,40.534115,38.6,28.606913,29.47,1.2988628,1.21,9.562582,9.42,10.566053,10.43,303.4823,306.9,3.8999557,3.47,221.11249,226.0
1045,71.88231,71.6,14.449473,13.32,3.8739626,3.83,11.812051,11.09,13.725504,12.61,288.77814,289.5,5.7618685,5.82,226.81573,226.8
1326,51.278522,54.0,24.666729,24.21,2.2443814,2.06,10.714293,10.84,12.152177,12.87,307.83228,308.7,4.3269124,4.43,252.7662,253.1
1453,61.086555,60.7,18.44462,19.92,2.6546395,2.62,10.457327,10.61,12.291475,12.73,311.1972,311.7,4.7539616,4.28,268.9108,270.6
1472,64.12344,63.9,18.551792,19.72,3.00171,2.77,11.209819,11.08,13.013053,13.39,309.62448,309.1,5.0149198,4.28,270.76205,270.1
1872,61.11236,61.2,21.029152,20.8,2.5903883,2.49,11.090638,10.46,12.8257475,12.86,333.95892,334.6,4.1829996,3.93,314.82214,315.6
895,64.12059,65.2,17.441536,16.58,3.4197445,3.32,11.426335,11.28,13.07554,12.47,283.36755,285.9,5.2253475,5.99,211.6042,211.6
1646,57.142574,56.8,19.754824,20.98,1.953945,2.33,9.642228,9.72,11.466127,11.96,330.783,331.1,4.145639,3.83,303.0307,305.6
2121,30.127378,29.1,39.487465,39.0,0.7612108,0.64,7.9369035,7.29,10.305989,9.27,445.42026,444.0,1.4206581,1.63,419.70627,419.1
1702,52.059853,51.7,25.730455,26.6,1.8325764,1.76,10.704802,10.39,12.1910715,12.88,337.23343,338.1,3.9248402,3.13,304.91187,308.6
1030,71.81222,70.9,13.811393,13.48,3.8033755,3.79,11.52291,10.96,13.500828,12.49,287.49347,289.9,5.8593016,5.93,225.02495,225.8
1444,52.251766,51.7,20.244486,20.74,1.6389359,2.14,8.869813,9.08,10.6148,10.98,323.0276,324.3,3.8899941,4.19,281.66144,283.4
2031,36.74822,36.2,26.62469,25.0,0.9567878,1.2,5.609889,6.58,8.345453,8.52,396.41574,396.1,1.8818532,3.08,379.69217,378.8
2060,57.286343,56.7,22.45752,22.0,2.4371626,2.24,10.319805,9.88,12.282491,12.25,348.5076,349.9,3.7495453,3.53,336.09796,336.3
2137,34.930794,32.8,39.0174,37.96,1.0145456,0.78,9.431833,8.17,11.392091,10.28,428.16907,425.5,1.9225608,1.71,403.166,400.3
752,39.88994,38.0,28.800873,29.93,1.1175023,1.18,9.275774,9.28,10.293149,10.28,307.09378,308.0,3.9543922,3.49,224.23615,226.0
1485,42.502934,40.6,26.135069,26.99,0.9018487,1.33,8.439163,8.43,10.004793,10.19,341.59174,342.9,3.1945045,3.38,297.23184,297.9
585,40.083317,42.6,28.90834,26.87,0.90522075,1.54,9.606704,8.92,10.18169,10.51,302.01694,304.1,3.617782,3.53,218.48306,220.3
1140,36.795593,37.0,30.977165,31.35,0.9614301,1.08,9.304751,9.13,10.476712,10.55,325.7915,327.5,3.3579643,3.54,253.55309,254.9
866,57.87133,59.0,18.657568,16.98,2.6488233,2.86,10.219887,10.04,11.848835,11.51,288.3556,291.0,4.9404263,5.5,218.5105,220.5
1487,46.49139,44.8,25.273981,26.48,1.2552747,1.53,9.157428,9.27,10.732296,11.14,335.6957,334.1,3.6580908,3.43,290.81995,289.8
1898,49.941597,49.5,26.899927,26.94,1.8097492,1.63,10.239894,9.96,11.970163,12.29,355.67657,353.2,3.421289,3.03,334.49863,330.9
1084,62.637215,62.0,18.045149,18.54,3.146185,2.91,11.144575,11.04,12.814763,12.52,288.5004,290.9,5.1989,5.26,224.68356,226.9
1211,62.33208,62.9,15.224482,15.16,2.6993065,3.09,9.630719,9.67,11.599973,11.46,302.38065,305.8,4.782016,5.68,255.18533,253.5
1643,54.619617,53.8,20.49461,21.23,1.6592194,2.18,9.152011,9.2,10.974878,11.38,337.09412,335.8,3.9123757,3.84,308.33896,309.6
1410,63.502354,63.3,15.562426,15.09,2.707809,3.07,9.881785,9.72,11.865972,11.64,311.19684,314.2,4.6795053,5.02,274.04874,276.9
1688,48.552208,48.1,25.500856,26.27,1.4443933,1.62,9.596983,9.64,11.246787,11.91,344.63376,344.8,3.578806,3.04,312.92865,315.9
1956,60.61299,59.1,17.079227,14.0,2.3640132,2.96,8.592388,7.98,11.041339,10.16,357.93115,357.4,3.6470833,5.19,345.84814,345.6
579,39.974045,42.6,28.803032,26.87,0.9113997,1.54,9.545232,8.92,10.150229,10.5,301.55252,304.2,3.6367464,3.53,218.13097,220.3
1358,40.48305,41.7,31.611898,31.96,1.2830142,1.22,10.308779,10.16,11.434055,12.02,330.1338,331.6,3.5887065,3.47,269.2176,269.1
1859,62.556507,61.4,20.322142,20.82,2.6187174,2.51,11.025938,10.5,12.86075,12.92,336.38693,334.6,4.362359,3.84,318.1688,315.9
1491,47.324997,46.3,25.132368,26.32,1.5082998,1.59,9.499116,9.59,11.073447,11.49,329.39178,330.8,3.7471077,3.52,284.5375,287.0
1803,61.88332,63.1,17.049885,16.0,2.3883832,2.95,9.562408,9.31,11.641268,11.58,337.3526,338.2,4.0211506,4.66,320.40863,320.5
1889,47.231266,47.8,26.745237,27.07,1.6594363,1.56,9.474481,9.63,11.350435,11.93,358.434,356.7,3.1483412,2.97,336.83112,334.0
1525,36.156116,34.9,33.008167,33.95,0.50258875,0.92,9.053905,8.56,10.396517,10.43,366.2929,365.5,2.7439258,2.56,313.8528,312.3
1732,38.757423,38.7,34.106422,33.86,0.93402815,1.01,9.882732,9.23,11.334121,11.58,376.3756,375.3,2.7584655,2.27,337.68555,339.5
1354,40.44455,41.5,31.558512,32.55,1.2845601,1.21,10.282853,10.26,11.3893,12.07,328.78506,330.4,3.6127229,3.49,265.23553,265.1
1269,62.885635,64.4,18.144669,19.03,3.1062813,2.95,11.017796,11.08,12.840509,13.14,297.22382,299.4,5.1762404,5.11,245.76727,247.2
1908,49.61165,49.4,27.284101,26.9,1.8489188,1.62,10.360366,9.93,12.029663,12.24,354.40143,353.1,3.3481205,3.09,332.81503,331.0
1914,26.350702,25.7,38.991352,37.73,0.27766547,0.56,6.2944527,6.06,8.891756,7.99,457.24323,454.5,1.1346338,1.67,424.08923,418.9
757,41.031364,38.8,28.541977,29.79,1.1498091,1.23,9.479497,9.48,10.387318,10.48,304.52454,305.4,4.0065494,3.66,220.1549,220.6
2067,56.84271,57.0,23.051542,22.0,2.4332407,2.25,10.460976,9.81,12.366779,12.22,349.40216,350.4,3.6682332,3.63,335.9939,336.9
1284,62.350006,65.5,18.688992,18.24,3.1026618,3.02,11.18871,11.2,12.918264,13.33,296.33316,298.7,5.0543003,5.14,245.0938,246.4
1501,52.71962,52.4,24.872442,25.73,2.107576,1.88,10.730848,10.65,12.268069,12.89,324.1982,322.3,4.2790275,3.57,277.6722,277.9
1964,70.54757,70.4,15.443077,13.0,3.3023922,3.68,10.690016,9.49,12.971611,11.82,343.45187,342.9,4.4604154,5.04,331.25928,332.3
859,53.852333,55.1,19.839687,17.47,2.3993285,2.6,9.710253,9.39,11.307065,10.89,293.0322,293.9,4.43088,5.23,221.6572,222.2
1940,38.126244,37.5,35.376945,35.07,1.164305,0.94,9.704066,8.98,11.446254,11.23,395.0559,393.3,2.4085138,2.17,367.8447,366.1
1507,53.02284,53.1,24.982244,25.67,2.1374114,1.91,10.836076,10.76,12.344193,13.06,323.69064,321.4,4.3099356,3.6,277.89145,276.9
2110,27.019878,22.8,42.641594,41.0,0.26228574,0.45,6.972187,5.97,9.595977,7.68,486.55627,486.5,1.1355888,1.39,453.52472,453.6
1149,39.034798,38.4,30.812956,31.71,1.1313587,1.14,9.785727,9.62,10.91199,10.92,322.4951,323.4,3.6561458,3.65,251.11569,253.1
1813,69.839294,72.0,15.7286625,16.0,3.3872004,3.48,11.129408,10.67,13.246024,13.18,326.71786,327.1,4.6983805,4.55,308.25586,308.5
1116,51.036236,49.7,23.667665,23.91,2.1917577,1.9,10.394301,10.45,11.848095,11.75,299.88242,301.6,4.516487,4.6,234.99173,236.8
758,40.41926,38.5,28.835094,29.36,1.2187817,1.21,9.420735,9.37,10.465841,10.39,307.10794,307.1,4.004112,3.51,223.97995,225.2
1329,34.41101,32.6,32.187824,33.51,0.5396769,0.83,8.7340555,8.3,10.026477,9.73,348.98923,351.5,2.8253036,3.12,286.5879,284.9
2091,42.882214,43.6,29.215239,29.0,1.6415869,1.34,9.028305,8.97,11.09946,11.22,375.92172,377.1,2.4951184,2.63,360.74805,360.0
1928,35.093067,36.0,35.49839,35.31,0.9760016,0.89,8.879198,8.62,10.799732,10.83,400.91705,398.8,2.123833,2.12,372.41086,370.5
1210,63.102753,63.3,15.095298,15.05,2.800705,3.11,9.787028,9.79,11.758575,11.58,302.26334,305.0,4.797966,5.55,252.92538,253.3
862,56.18783,58.0,19.11974,17.12,2.5750253,2.8,10.032058,9.87,11.642017,11.38,289.4013,290.7,4.708961,5.52,218.05167,217.4
1703,51.93565,51.2,25.677628,26.7,1.8189663,1.74,10.645884,10.26,12.159315,12.74,337.96338,339.3,3.9044943,3.13,308.07767,310.6
1264,63.940388,64.2,17.825476,18.79,3.1005003,2.9,11.079093,11.27,12.889585,13.27,297.82156,297.5,5.3012547,5.07,243.269,242.0
1645,57.296135,57.5,19.823265,20.9,1.9843367,2.37,9.721366,9.85,11.528592,12.11,330.35297,329.7,4.1554947,3.87,300.49347,302.6
1656,61.60994,61.1,19.186808,20.62,2.623314,2.54,10.702559,10.41,12.545788,12.82,323.20444,325.1,4.4694314,3.92,296.80444,299.8
1945,39.13539,38.1,35.674053,34.99,1.1226851,0.96,10.001548,9.15,11.616121,11.42,394.96725,390.6,2.5470572,2.22,365.85425,360.7
1067,61.94779,60.2,17.876396,18.15,2.9227276,2.79,10.716683,10.69,12.471071,12.14,291.93735,293.5,5.3245215,5.23,229.06126,231.3
1930,36.207756,36.9,35.748215,35.16,1.0036792,0.92,9.34627,8.87,11.11662,11.12,397.8536,395.0,2.2369046,2.18,367.91348,364.6
1694,51.27228,50.2,25.625223,26.93,1.7262157,1.7,10.377237,10.05,11.945296,12.44,342.14673,341.1,3.781899,3.09,311.68884,312.5
1104,49.06128,48.6,24.043058,24.18,1.9748789,1.84,9.987306,10.09,11.461389,11.48,303.72263,303.9,4.3361187,4.54,238.37805,238.4
912,48.58817,50.6,23.518461,22.66,2.0255213,2.08,9.981181,10.16,11.34613,11.44,292.69446,295.8,4.3255677,5.04,220.82436,223.0
965,42.314392,42.4,28.266365,29.16,1.5785415,1.44,9.9852495,10.28,11.070298,11.33,305.7701,307.4,3.7990978,4.57,227.91162,228.7
1870,61.663963,62.6,20.994034,20.79,2.5656009,2.58,11.138421,10.73,12.847708,13.18,334.20975,332.5,4.292226,3.88,313.37643,311.9
1839,49.268166,49.7,22.056822,22.0,1.5880493,1.92,7.977592,8.48,10.187829,10.63,356.17038,353.9,3.191162,3.8,335.42938,333.3
573,39.89641,42.5,28.699621,26.85,0.92144203,1.53,9.492029,8.92,10.120207,10.49,301.07907,304.0,3.6463423,3.51,217.69676,219.9
1938,37.50556,37.0,35.50298,35.14,1.1832356,0.91,9.620054,8.83,11.4089365,11.06,396.2877,394.9,2.3075297,2.2,368.91092,367.4
2027,67.815186,68.0,18.126587,17.0,3.2274175,3.21,11.180601,10.18,13.225526,12.64,339.13367,339.5,4.460999,4.35,326.67014,327.9
1960,68.867714,67.7,15.513181,13.0,3.007398,3.51,10.345014,9.27,12.565276,11.52,343.98428,343.8,4.3319025,5.05,330.4425,331.4
765,39.70975,38.4,28.805443,29.52,1.2219197,1.19,9.44199,9.3,10.463279,10.34,304.6148,307.6,3.8420184,3.49,223.31625,226.0
968,42.596874,42.6,28.278675,29.12,1.6241555,1.45,10.070868,10.32,11.152163,11.37,306.03442,307.3,3.780409,4.59,228.1768,228.6
1909,50.72317,50.6,27.293396,26.87,1.7647785,1.68,10.610792,10.18,12.143023,12.55,352.89197,350.8,3.524177,3.07,328.80063,326.4
1894,49.508163,49.6,27.03924,26.94,1.7272624,1.64,10.225199,10.0,11.895074,12.36,354.97913,352.6,3.38859,3.02,331.54742,328.2
734,49.70836,48.7,23.975954,22.98,2.1460397,1.95,10.250276,9.84,11.510472,10.95,292.705,293.1,4.4505415,4.19,214.13878,217.2
739,49.79308,49.1,23.801533,22.82,2.2366116,1.98,10.305685,9.96,11.536472,11.04,289.37427,290.9,4.4022427,4.44,209.45387,210.3
2047,55.281635,54.0,22.348482,23.0,2.169017,2.1,9.808466,9.65,11.809936,11.9,351.40894,351.6,3.5403788,3.44,337.8796,336.3
665,56.15939,53.2,19.401468,18.22,2.5377595,2.4,9.884111,9.34,11.477794,10.4,289.25253,292.2,4.9246573,4.65,214.05017,217.9
1609,67.898834,70.1,15.27956,15.65,3.0222263,3.41,10.689757,10.44,12.718637,12.83,320.05835,319.9,4.753473,4.57,293.22006,295.1
1523,32.146835,31.4,33.75126,34.5,0.33414134,0.79,7.955979,7.74,9.588976,9.49,379.97485,377.7,2.2919486,2.47,330.48135,324.6
1015,64.62896,64.6,15.3067465,13.6,3.0909302,3.36,10.198484,9.7,12.150234,11.37,296.8772,298.5,5.152172,5.64,235.31525,239.0
1111,51.916904,51.1,23.530844,23.84,2.2475781,1.99,10.530417,10.64,11.961075,12.07,299.95804,299.5,4.5773153,4.65,230.76668,231.3
2088,42.016266,42.7,29.216303,29.0,1.5782562,1.3,8.739593,8.85,10.881276,11.06,378.3858,378.8,2.4255059,2.6,363.0883,361.6
1843,56.579346,56.8,20.742092,20.94,2.0125358,2.29,9.61893,9.77,11.543143,12.1,342.94107,340.3,3.8474813,3.8,322.03064,318.9
711,47.60572,46.9,23.907063,23.04,1.8814932,1.82,9.630964,9.49,10.954942,10.6,293.5685,295.5,4.412409,4.13,216.78459,219.1
1169,40.769768,39.5,30.561167,31.45,1.359417,1.19,10.154716,9.86,11.192007,11.23,319.86435,321.4,3.6272156,3.64,249.89864,250.6
1528,37.851704,36.7,32.851112,33.69,0.66007185,0.99,9.552608,9.0,10.823065,10.93,360.48877,360.0,2.977492,2.57,307.75323,308.0
2014,68.43377,66.9,17.30059,17.0,3.2231262,3.14,11.033781,10.17,13.138292,12.56,338.9148,338.9,4.482194,4.3,326.29764,325.6
1927,35.324432,36.3,35.76929,35.25,0.92143214,0.9,9.041065,8.72,10.876886,10.95,400.80206,397.4,2.165911,2.14,370.45883,366.9
910,50.028126,51.9,23.219389,22.5,2.101892,2.17,10.086568,10.41,11.45103,11.77,292.56235,293.5,4.5247684,5.12,217.28156,217.4
1302,50.68322,51.4,24.110275,25.03,2.101027,1.91,10.286713,10.51,11.847307,12.36,310.14868,311.0,4.359874,4.35,254.0262,255.3
1141,38.899086,39.0,30.85014,31.08,1.1692457,1.18,9.720336,9.61,10.862217,11.1,325.53534,322.7,3.5034306,3.69,249.76772,248.2
724,49.0467,49.1,23.672485,22.78,2.071174,1.98,9.959161,9.94,11.227768,11.03,288.9862,291.1,4.549119,4.44,208.8228,210.3
1085,62.92879,61.1,18.012817,18.61,3.112326,2.85,11.11288,10.93,12.811074,12.34,290.15448,292.0,5.282138,5.24,228.00354,229.7
706,48.015167,46.5,23.648335,23.38,1.9274505,1.8,9.568558,9.55,10.919375,10.57,293.57022,294.0,4.4610357,4.31,214.09666,213.5
1506,52.027573,51.3,24.937462,25.87,2.092947,1.81,10.656733,10.46,12.203552,12.62,323.08276,323.6,4.203113,3.59,280.41028,280.8
2141,35.24208,33.1,38.604603,36.97,1.0834385,0.78,9.387782,8.13,11.373369,10.29,426.04327,426.0,1.9291342,1.73,402.89413,403.0
1330,37.57183,35.6,31.612492,33.67,0.9212848,0.95,9.401266,9.11,10.695528,10.6,342.5612,341.9,3.1776226,3.24,276.67502,274.1
2076,34.74367,35.1,30.823921,31.0,1.0027946,0.98,6.867435,7.55,9.328997,9.5,400.16974,399.9,1.8071886,2.37,380.88202,380.7
1494,49.039677,48.2,24.990244,26.14,1.7280036,1.68,9.906757,9.93,11.487224,11.91,327.0739,328.0,3.9127855,3.52,282.86502,285.1
1680,37.41865,39.1,27.389225,27.46,0.8120729,1.23,7.096625,7.76,9.1369,9.81,365.10345,367.2,2.419928,2.86,332.57394,336.4
1069,62.08979,61.4,17.748198,18.01,3.0059137,2.87,10.828861,10.91,12.551453,12.39,288.42892,291.1,5.3057313,5.4,223.54517,225.1
1887,45.35549,46.3,26.820292,27.17,1.5857685,1.49,9.027729,9.31,10.981095,11.55,359.861,359.9,2.9529073,2.97,337.38043,337.5
1722,32.318153,32.7,34.5715,34.89,0.5406859,0.8,7.872044,7.73,9.786617,9.81,396.83337,396.9,2.064457,2.1,357.58487,360.4
2122,31.064316,30.1,39.447327,38.97,0.71275294,0.68,8.36414,7.68,10.558371,9.64,438.94705,436.2,1.5930443,1.65,412.18353,409.0
1488,45.701824,44.1,25.615599,26.56,1.2622573,1.49,9.137024,9.15,10.700171,10.98,335.1675,335.1,3.575229,3.46,289.5851,291.1
1683,42.84477,43.1,26.50172,26.9,1.1073806,1.4,8.312232,8.61,10.156031,10.72,355.38867,355.8,2.995532,2.95,322.02905,326.5
1999,61.379246,58.6,17.463694,18.0,2.4527373,2.63,9.39203,9.2,11.588654,11.36,344.02347,347.0,3.886803,4.27,331.04614,333.0
867,56.987488,58.3,18.918627,17.05,2.5912974,2.81,10.132783,9.93,11.752264,11.36,288.08557,291.6,4.8767667,5.55,219.81705,221.2
747,38.000484,36.1,28.92946,30.11,0.9312664,1.07,9.032243,8.93,10.006638,9.88,307.61157,311.2,3.635449,3.38,226.54347,227.9
1734,38.072304,38.1,34.24471,34.04,1.0210652,0.98,9.713449,9.0,11.278516,11.32,378.9795,377.8,2.6411414,2.29,342.0503,343.4
2130,33.02634,32.2,38.741085,37.0,1.0209786,0.74,8.814118,7.86,10.987543,10.01,431.84323,430.4,1.6630808,1.74,408.454,407.0
1132,35.403316,35.6,31.2865,31.74,0.84407604,1.03,8.995861,8.57,10.207362,10.2,333.55975,334.4,3.0102754,3.28,257.71277,260.4
1126,51.839413,51.4,23.86024,23.72,2.329125,2.01,10.725305,10.7,12.083444,12.16,299.37106,299.6,4.410499,4.54,231.55731,233.0
1671,62.001633,62.6,19.78834,20.39,2.743759,2.59,11.083217,10.68,12.841725,13.2,320.78864,323.2,4.525915,3.94,293.18893,297.9
954,39.27707,40.4,29.200413,29.64,1.2601464,1.33,9.583624,9.76,10.658403,10.91,309.2457,310.6,3.6081755,4.37,232.0842,231.6
2120,30.153479,28.9,39.488365,39.0,0.6985494,0.63,7.9365087,7.35,10.270004,9.28,444.78848,443.9,1.4725361,1.6,418.63705,418.8
879,61.83379,62.1,18.028082,17.01,3.0352108,3.08,10.912267,10.68,12.587976,11.92,286.92654,289.1,5.291296,5.73,218.02939,219.5
1853,61.554714,60.3,20.10693,20.86,2.484735,2.46,10.757781,10.32,12.603139,12.73,336.701,336.1,4.2320814,3.82,319.255,317.2
1740,39.073086,38.8,34.248367,33.88,1.0631939,1.0,10.054514,9.15,11.528171,11.54,375.5806,376.1,2.763893,2.33,339.4707,341.9
1600,58.70816,58.7,17.272955,16.31,1.8535396,2.75,8.9275675,8.67,10.849898,10.83,334.7168,335.2,3.937231,4.6,308.111,310.8
1063,61.103107,60.6,18.017958,18.19,2.8803546,2.82,10.607122,10.68,12.34646,12.22,292.21524,292.7,5.190329,5.33,227.49326,227.6
2003,62.652637,61.1,17.297373,18.0,2.7300184,2.79,9.656771,9.43,11.916118,11.68,342.1599,345.6,3.9732292,4.28,331.484,333.9
1450,58.194206,58.5,18.813555,20.09,2.3354409,2.5,9.936533,10.26,11.741366,12.3,312.1156,314.1,4.5176883,4.3,270.12094,272.3
1750,40.893078,39.6,34.376965,34.46,1.0002062,1.03,10.502892,9.48,11.767917,11.9,373.5741,372.9,2.9914525,2.3,335.64075,337.8
967,42.769226,43.2,27.93755,28.99,1.6777949,1.48,10.027083,10.49,11.100983,11.54,302.52213,305.5,3.8223336,4.74,223.23445,223.6
1884,44.163002,44.8,27.051466,27.26,1.4688433,1.43,8.640042,9.02,10.668944,11.22,364.98206,363.3,2.8592293,2.95,341.52567,340.2
1337,38.700542,38.6,31.627678,32.79,1.1109183,1.08,9.798821,9.65,11.061621,11.28,335.87823,336.4,3.4268517,3.34,272.3504,272.9
1303,52.203102,52.7,23.873863,24.71,2.2202332,1.96,10.5732565,10.89,12.089133,12.77,307.835,307.8,4.5182295,4.36,248.32729,248.4
971,42.49981,42.7,28.232697,29.1,1.6436785,1.46,10.090021,10.33,11.158894,11.38,305.02863,307.1,3.7294004,4.61,227.49323,228.1
1074,62.056698,60.0,18.07714,18.74,3.014512,2.77,10.873765,10.74,12.624249,12.09,290.95245,293.3,5.3093033,5.3,229.50389,231.4
751,40.34565,38.3,28.393482,29.77,1.0202936,1.2,9.362501,9.39,10.239454,10.37,303.36557,306.2,3.9328349,3.65,219.64362,221.3
1949,39.081444,37.7,35.51293,35.03,1.1909405,0.94,9.922876,9.03,11.593539,11.28,395.33704,392.5,2.4908724,2.19,367.825,365.1
892,64.43889,65.2,17.257889,16.58,3.419328,3.31,11.406585,11.28,13.071896,12.47,283.3605,285.9,5.282282,5.99,211.51775,211.4
1751,40.507046,39.3,34.296932,34.56,1.0551738,1.02,10.358451,9.36,11.710389,11.78,374.70502,374.1,2.9266758,2.3,338.67712,339.8
2025,67.8627,68.0,18.11176,17.0,3.2802882,3.21,11.221123,10.08,13.29416,12.57,339.62225,340.4,4.4150186,4.44,327.34866,329.4
1117,52.094986,51.3,23.498869,23.76,2.297365,2.0,10.610559,10.69,12.015308,12.13,298.84097,299.4,4.5347342,4.6,230.3271,232.0
1254,57.012314,57.0,19.058285,19.43,2.4231215,2.47,9.803421,10.06,11.618192,11.83,305.1776,305.8,4.6555977,5.08,252.49269,252.4
1879,41.367653,42.9,27.482647,28.31,1.1828916,1.36,8.047931,8.74,10.081399,10.91,368.14615,366.3,2.628039,2.86,342.01022,339.6
1745,39.56943,39.2,34.012753,34.61,1.0175989,1.02,10.150596,9.33,11.536729,11.75,371.71265,374.5,2.8688793,2.29,336.12686,340.2
1417,70.744514,72.1,14.209978,14.48,3.5100944,3.61,11.235046,10.98,13.269308,13.19,304.10345,305.2,5.2749014,4.95,265.77615,265.7
1798,59.169827,60.0,17.458221,17.0,2.051828,2.79,8.931763,8.94,11.022281,11.19,341.66153,340.1,3.8308897,4.71,322.2993,317.4
1058,57.20861,57.2,18.874788,18.55,2.5039945,2.61,9.926574,10.01,11.656205,11.55,296.87634,297.6,4.8225327,5.12,234.25711,235.8
891,62.651077,63.4,17.906885,16.8,3.1838393,3.19,11.142766,10.89,12.799159,12.1,285.32333,288.7,5.267471,5.78,216.45232,218.9
1283,63.523483,65.8,18.145105,18.91,3.1470928,3.03,11.23373,11.34,12.977255,13.45,295.86707,298.0,5.156829,5.01,244.717,246.2
1834,43.28633,44.7,23.801775,23.0,1.1780851,1.68,6.8976336,7.69,9.227801,9.8,368.93094,366.8,2.6033816,3.32,346.14908,351.1
823,66.685,66.4,15.059704,12.38,3.3378959,3.63,10.727836,9.86,12.600195,11.41,289.72867,290.7,5.4323797,6.12,220.417,218.1
1519,52.336903,53.4,25.206303,25.64,2.128141,1.92,10.857786,10.81,12.288891,13.13,321.9137,321.1,4.1509657,3.59,276.43304,277.1
1549,41.04775,41.2,33.094177,33.14,1.1004148,1.15,10.588032,9.91,11.736108,12.16,351.7404,350.4,3.3367524,2.78,301.55417,299.5
1415,69.19245,69.6,14.468432,14.66,3.3303497,3.45,10.910474,10.63,12.952484,12.73,306.30527,307.9,5.1509013,4.91,269.20248,270.6
763,41.23352,38.9,28.40906,29.25,1.2384287,1.23,9.511885,9.52,10.421641,10.51,302.78558,305.0,3.9909885,3.66,218.53168,220.2
1311,51.61655,53.4,24.180449,24.21,2.2275107,2.02,10.571299,10.77,12.090509,12.75,307.7856,309.1,4.4532695,4.43,252.43019,252.9
555,39.4132,41.1,28.573772,26.86,0.9448222,1.43,9.324249,8.78,10.04981,10.21,301.8917,305.3,3.6220987,3.25,218.73152,220.3
2001,60.718037,58.7,17.962168,18.0,2.540246,2.64,9.291927,9.01,11.595239,11.23,348.65927,349.6,3.7824693,4.34,337.22513,338.0
1954,61.423157,59.1,16.67509,14.0,2.3218527,2.96,8.772053,8.17,11.108264,10.31,353.82187,354.5,3.7126524,5.06,340.1234,341.7
1897,50.45801,50.0,27.05389,26.92,1.7619156,1.66,10.436216,10.08,12.069079,12.44,355.00735,351.9,3.4861355,3.03,331.4577,328.0
1724,34.505558,35.1,33.84382,34.5,0.65254474,0.89,8.39339,8.34,10.181153,10.49,387.09833,387.4,2.347026,2.12,349.09866,352.2
2024,68.10311,68.0,17.949951,17.0,3.2563274,3.21,11.16989,10.18,13.243809,12.64,339.4467,339.5,4.4781384,4.34,327.4197,328.1
1874,32.843475,35.1,29.780487,28.8,0.67957604,1.04,6.042511,7.07,8.496858,9.08,395.93936,394.1,1.741032,2.51,370.6735,369.5
1357,40.686253,41.6,31.543858,32.56,1.3144859,1.22,10.332285,10.27,11.429088,12.09,328.94504,330.3,3.597233,3.49,265.6751,265.2
899,43.42629,45.1,24.768526,23.6,1.6187117,1.75,9.111884,9.02,10.462905,10.46,300.58905,302.4,3.695802,4.47,226.95131,227.6
1332,36.621643,35.2,31.857763,33.21,0.8504473,0.94,9.252989,8.9,10.562755,10.4,343.20142,344.0,3.1219327,3.26,279.64453,279.0
975,41.54375,42.1,28.755085,29.22,1.5665401,1.42,10.052446,10.15,11.095931,11.21,306.50583,308.1,3.6383603,4.59,230.10187,229.6
1535,39.3137,38.7,33.09951,33.47,0.9246105,1.05,10.087019,9.43,11.344961,11.45,357.3048,355.4,3.1301618,2.63,307.57956,305.9
1062,58.768272,57.8,18.610596,18.41,2.6772535,2.63,10.232303,10.18,11.974566,11.64,294.7203,296.4,4.984932,5.22,233.44395,234.5
1340,39.3762,39.6,31.814825,32.75,1.1638361,1.13,10.009866,9.83,11.249503,11.52,335.4811,334.7,3.5410283,3.38,271.95557,271.7
1251,53.152897,53.2,19.531897,19.76,2.0214198,2.24,9.104498,9.43,10.8662,11.14,306.8129,310.3,4.2538,5.04,255.60298,256.4
861,52.407917,53.6,20.141914,18.25,2.238714,2.48,9.460656,9.15,11.038364,10.59,292.45718,295.6,4.394612,5.28,224.08284,224.0
1532,38.85048,37.7,32.978333,33.59,0.78656197,1.02,9.835367,9.22,11.117554,11.18,360.1186,357.6,3.0988894,2.59,310.15552,308.0
1502,52.66325,51.7,24.809427,25.82,2.067381,1.84,10.654644,10.53,12.219936,12.71,325.31946,323.4,4.289897,3.54,282.09265,280.6
1447,55.91327,55.8,19.496855,20.32,2.0487013,2.36,9.534892,9.82,11.318124,11.79,317.61044,317.4,4.2898784,4.29,275.2003,275.4
1846,58.596836,58.6,20.381117,20.91,2.161481,2.38,10.127272,10.07,11.965119,12.44,338.29816,337.8,4.0053406,3.81,317.92133,316.7
2070,29.340088,27.5,34.279438,33.0,0.53765786,0.69,5.515433,5.94,8.357617,7.77,442.56503,438.8,1.2224256,2.02,419.64587,415.9
951,38.139206,39.8,29.295914,29.84,1.1439054,1.3,9.404507,9.58,10.470248,10.8,308.7131,312.0,3.5237696,4.25,231.69281,233.1
2093,43.58514,44.1,29.191944,29.0,1.631598,1.37,9.202231,9.15,11.202874,11.38,373.9513,375.4,2.6133428,2.57,358.84103,358.4
1103,50.043465,49.3,23.611288,24.15,2.0128047,1.88,10.056582,10.22,11.532188,11.66,302.72678,303.3,4.4387712,4.46,235.85751,238.6
2028,67.7465,68.0,18.32457,17.0,3.2616594,3.21,11.261918,10.09,13.308539,12.57,340.09937,340.3,4.404198,4.45,327.33038,328.9
2033,42.377922,41.6,24.318922,24.0,1.2915661,1.46,6.7527833,7.65,9.233322,9.64,374.3414,376.3,2.4340944,3.23,358.52023,359.5
1148,39.48252,39.0,30.750189,31.65,1.1555442,1.17,9.836634,9.73,10.949879,11.09,322.64355,322.5,3.6909916,3.63,249.8974,251.9
2123,31.218266,30.2,39.14162,37.99,0.8026142,0.68,8.264471,7.61,10.531438,9.62,439.0956,437.6,1.562834,1.63,414.22318,413.5
2097,44.21361,44.6,29.23598,29.0,1.7049133,1.38,9.392288,9.12,11.376411,11.41,373.77832,375.3,2.6376472,2.66,358.54413,358.9
1481,63.26958,64.1,19.092213,19.71,2.9508777,2.78,11.260668,11.11,12.994496,13.43,309.83514,308.9,4.8899665,4.28,270.21277,269.9
1543,40.9278,40.8,33.32256,33.19,1.0862495,1.13,10.578455,9.85,11.759428,12.06,354.37515,351.0,3.3442452,2.73,303.14243,300.1
1667,63.010788,63.0,19.198235,20.34,2.7517543,2.62,11.055254,10.78,12.8445015,13.32,320.37558,322.6,4.6560225,3.89,293.6182,297.3
1664,63.249146,62.9,19.14066,20.37,2.7535117,2.62,11.049913,10.76,12.861713,13.29,321.5757,322.8,4.680692,3.9,295.02014,297.4
1654,62.73225,62.3,18.930403,20.48,2.68336,2.61,10.832098,10.67,12.671267,13.13,323.1402,323.4,4.586185,3.88,293.88892,297.0
1256,59.53641,59.6,17.963058,19.14,2.6643941,2.62,10.13364,10.55,11.963769,12.37,298.89087,302.5,4.892971,4.99,246.74292,249.3
1100,48.05624,48.4,23.698748,24.28,1.8862818,1.84,9.707709,9.98,11.1711445,11.46,301.66928,304.8,4.1971903,4.43,235.30664,239.4
2073,31.489874,32.1,32.016537,31.0,0.7651007,0.86,6.145358,6.93,8.746964,8.83,413.18652,412.3,1.4804862,2.24,392.7474,391.4
735,48.494076,48.3,24.263454,23.07,2.05082,1.92,10.137741,9.72,11.37234,10.87,292.03387,293.8,4.3447056,4.2,214.8389,217.9
1514,52.803844,52.6,24.988422,25.75,2.10448,1.88,10.797723,10.67,12.294251,12.93,323.94055,322.4,4.2512794,3.56,281.21164,279.8
884,64.175514,63.8,17.458683,16.78,3.2499166,3.21,11.222615,11.0,12.921871,12.22,287.10092,288.0,5.420531,5.75,216.54254,217.8
1695,50.83626,49.8,25.773922,26.08,1.7400159,1.68,10.372924,9.93,11.942145,12.29,341.78967,341.8,3.7203894,3.13,311.19012,313.1
1650,59.23166,58.5,19.718693,20.84,2.2857375,2.41,10.157378,10.0,12.004032,12.28,329.3963,328.5,4.279847,3.88,301.62396,303.3
1307,52.700638,53.2,24.053753,24.86,2.228249,2.0,10.642524,10.84,12.179617,12.78,310.39545,308.9,4.597667,4.31,253.88913,253.1
1338,38.21903,38.4,31.741854,32.17,1.0956805,1.08,9.784455,9.55,11.053095,11.18,336.03223,336.7,3.351534,3.43,273.23877,273.0
1869,61.593792,61.2,20.889088,20.8,2.6217637,2.49,11.113489,10.46,12.876819,12.86,334.73395,334.7,4.2334285,3.92,315.67557,315.8
576,40.017925,42.6,28.818419,26.86,0.91929555,1.54,9.536855,8.92,10.158697,10.5,302.05057,304.1,3.6560986,3.52,218.48051,220.2
2082,39.358723,39.8,29.504906,30.0,1.3662089,1.17,7.981256,8.4,10.2537155,10.49,384.77814,385.4,2.2139544,2.51,367.7711,367.6
1556,41.435577,40.7,33.111877,33.25,1.1268814,1.12,10.6348095,9.81,11.788519,12.02,353.60062,351.5,3.3120599,2.75,305.91193,302.5
1294,49.068993,48.8,23.92949,25.66,1.8991464,1.75,9.828733,10.29,11.387853,11.98,311.30246,312.0,4.170348,4.28,251.73885,251.9
1696,51.53986,51.2,25.700914,26.74,1.7871426,1.75,10.5508585,10.28,12.070072,12.73,338.95123,339.0,3.842606,3.13,306.25412,309.2
1890,47.01379,47.4,26.791227,27.09,1.7048146,1.54,9.477472,9.52,11.368607,11.8,358.2076,357.5,3.0884194,3.01,336.41992,335.2
1036,72.00086,71.3,13.96457,13.38,3.856188,3.81,11.660449,11.05,13.614353,12.56,287.19113,289.6,5.833544,5.88,225.02644,226.1
1526,35.6479,34.3,33.038284,34.05,0.5147302,0.9,8.853329,8.45,10.290797,10.27,368.45605,367.3,2.7210956,2.53,318.14914,316.3
1865,62.53869,61.8,20.635557,20.8,2.6409643,2.53,11.123328,10.58,12.924923,13.0,336.50323,333.9,4.360414,3.87,317.78955,315.0
1477,63.4793,65.0,19.027287,19.6,2.9841607,2.84,11.287332,11.24,13.01839,13.62,309.1286,307.8,4.918488,4.31,267.40488,267.2
1164,39.890823,38.9,30.479252,31.52,1.2805222,1.16,9.98091,9.77,11.050543,11.05,318.4517,321.8,3.6204908,3.73,248.90483,250.7
2117,29.097527,27.3,39.997887,39.0,0.5911486,0.59,7.589194,7.02,10.003969,8.88,452.83615,452.7,1.3692809,1.55,425.37537,426.6
883,64.250465,64.6,17.05765,16.67,3.3232415,3.26,11.236002,11.17,12.92273,12.39,283.18237,286.1,5.371229,5.96,211.2641,211.8
1653,60.690044,60.0,19.366493,20.71,2.4926429,2.49,10.471591,10.24,12.32056,12.59,325.9054,326.5,4.384924,3.9,299.1019,301.1
1061,59.30598,58.7,18.224854,18.39,2.698815,2.7,10.24839,10.31,11.988881,11.83,293.23398,295.8,5.0319166,5.16,230.78983,234.1
1265,63.813522,64.1,17.487177,18.93,3.0910704,2.91,10.955932,11.14,12.797224,13.14,296.47546,299.2,5.2944775,4.98,244.7896,247.4
2136,34.61333,33.0,38.606365,36.99,1.1183114,0.77,9.229483,8.01,11.3033085,10.19,428.34665,427.3,1.8025297,1.78,405.38132,404.5
1862,62.182377,61.6,20.28712,20.81,2.6201537,2.52,10.993013,10.54,12.806308,12.96,334.00375,334.2,4.3320875,3.86,315.90875,315.2
707,48.05263,46.1,23.699677,23.52,1.9045337,1.77,9.577669,9.45,10.934833,10.49,294.9378,295.6,4.449341,4.13,216.91684,218.2
1497,50.407547,49.4,24.887526,26.02,1.9033953,1.73,10.228234,10.15,11.809635,12.18,325.53568,326.1,4.026873,3.55,281.9097,283.3
1261,62.947056,63.2,17.642735,18.82,3.0138803,2.84,10.848777,11.15,12.661953,13.08,296.19452,298.2,5.208568,5.05,241.7758,242.8
908,49.021088,50.4,23.447493,22.78,2.0150416,2.07,9.959531,10.08,11.338778,11.46,294.80063,296.1,4.370249,4.92,221.36224,222.9
2011,67.746086,66.1,17.10507,17.0,3.1559496,3.09,10.870816,10.08,12.973806,12.44,337.6086,339.7,4.4008985,4.28,325.18903,326.7
915,49.704685,51.3,23.433874,22.49,2.1235023,2.13,10.177222,10.34,11.555896,11.56,293.47058,294.9,4.418167,5.14,221.24103,221.8
2064,56.880318,56.9,22.84211,22.0,2.4525607,2.25,10.384616,9.81,12.33264,12.21,349.44803,350.4,3.6708515,3.63,336.71362,336.9
820,63.731945,63.3,15.708368,12.73,3.1164005,3.39,10.289491,9.39,12.137822,10.92,290.918,293.6,5.1458697,5.84,221.9259,223.5
2098,44.9985,44.6,29.673988,29.0,1.6006272,1.4,9.665642,9.32,11.506108,11.55,373.85294,372.9,2.8175519,2.58,355.93826,353.9
1457,62.74926,61.2,17.96942,19.9,2.8181229,2.63,10.681744,10.7,12.549128,12.83,309.48236,311.6,4.9089136,4.25,270.25076,272.4
1157,40.23735,39.3,30.686068,31.49,1.2491089,1.19,9.9996,9.84,11.078835,11.19,321.53055,321.4,3.7065156,3.67,250.21873,250.2
1097,46.72762,47.2,24.252357,24.44,1.7431313,1.78,9.466325,9.67,10.943094,11.19,306.96826,307.0,4.0434637,4.37,240.27524,241.1
935,52.933113,54.0,22.467451,22.03,2.5173597,2.31,10.719288,10.9,12.089335,12.03,289.40997,292.9,4.5008225,5.24,216.68442,220.2
1068,61.280544,59.4,18.166689,18.19,2.9030888,2.73,10.665607,10.56,12.426407,11.96,292.75626,294.3,5.251222,5.26,231.5323,232.8
1852,61.375053,60.9,20.292936,20.85,2.4622984,2.5,10.814159,10.45,12.6175785,12.88,336.28015,334.5,4.216472,3.86,316.45944,313.2
1419,69.73171,70.1,14.537681,14.63,3.469128,3.47,11.1100445,10.71,13.154036,12.83,304.81815,307.4,5.178321,4.95,268.5148,270.4
1698,51.421772,50.3,25.874811,26.92,1.800557,1.7,10.552193,10.03,12.107331,12.44,341.20282,341.0,3.800876,3.14,310.728,312.5
1693,51.455147,50.7,25.760334,26.83,1.7617904,1.73,10.474791,10.17,12.01993,12.59,341.92767,339.8,3.7966993,3.11,308.59088,309.9
882,62.22263,62.6,17.910349,16.92,3.0876117,3.12,10.985822,10.77,12.6597805,11.99,286.14844,288.7,5.3052382,5.81,217.22278,218.1
1420,71.693634,73.3,14.175663,14.41,3.6078384,3.68,11.442032,11.13,13.479916,13.41,303.66742,304.4,5.378045,4.93,265.29144,265.4
1961,68.200645,67.6,15.67032,13.0,3.0440578,3.5,10.177584,9.17,12.476061,11.44,345.68152,345.5,4.270771,5.05,333.58286,335.0
1490,47.8448,47.0,24.763706,26.24,1.4738497,1.63,9.471945,9.71,11.050371,11.65,328.84113,330.1,3.8314302,3.45,284.69348,286.9
1479,62.408535,63.1,19.144196,19.79,2.9411557,2.72,11.171479,10.97,12.911649,13.23,307.86615,309.6,4.814367,4.33,268.3959,270.5
1933,37.026005,37.4,35.745026,35.1,1.0570717,0.94,9.586099,8.97,11.302728,11.23,396.1072,393.4,2.3154895,2.2,366.36166,363.4
1160,40.32966,39.4,30.636482,31.47,1.276448,1.19,10.031977,9.85,11.100356,11.21,320.81226,321.4,3.6840637,3.66,249.96497,250.2
1952,55.11971,52.3,18.032627,15.0,1.9578375,2.54,7.3473988,7.12,9.948238,9.22,367.19122,368.6,3.1697874,5.16,354.5616,355.0
1324,52.376766,54.2,24.175447,24.72,2.3377979,2.05,10.825975,11.1,12.242515,13.07,305.5849,306.5,4.387915,4.36,247.72331,248.1
2132,33.787045,32.5,38.70148,37.98,1.0259213,0.76,9.024398,8.02,11.124225,10.14,429.6575,428.5,1.764288,1.7,406.48157,405.4
1268,64.22538,64.7,17.672829,18.91,3.149637,2.95,11.094872,11.22,12.929774,13.26,297.33344,298.8,5.316289,5.0,245.55591,246.7
1055,53.772213,54.7,19.605568,18.83,2.2178845,2.46,9.405852,9.49,11.101721,11.07,298.9649,300.9,4.467747,5.08,236.72311,238.2
1900,50.596603,50.3,26.99669,26.89,1.7645139,1.67,10.485056,10.13,12.089024,12.49,353.41092,351.2,3.5109072,3.06,330.06473,326.7
1059,56.27948,56.3,19.28053,18.58,2.4517705,2.55,9.853457,9.87,11.571864,11.37,297.4265,298.4,4.7509084,5.17,235.90752,236.4
670,58.4729,57.0,19.114307,17.37,2.7283304,2.7,10.30002,9.83,11.896931,11.0,286.73044,288.3,5.2581716,4.96,209.38382,211.1
1707,51.018707,50.9,25.823288,26.76,1.8178436,1.72,10.595016,10.16,12.083416,12.63,335.78125,339.8,3.7796235,3.17,306.1252,311.1
2053,57.14189,55.8,22.578846,22.0,2.3003235,2.2,10.328589,9.87,12.23781,12.18,350.24225,349.4,3.7313135,3.49,336.02716,333.8
1070,62.321636,60.6,17.67545,18.08,2.9829307,2.81,10.79681,10.79,12.545572,12.21,289.68237,292.9,5.356436,5.23,226.96542,231.0
575,40.877144,42.7,28.759548,26.72,0.9988426,1.53,9.672037,8.97,10.306482,10.58,302.8733,303.9,3.7272959,3.5,217.95131,219.4
1866,61.65185,61.1,20.765656,20.81,2.617797,2.49,11.084236,10.45,12.864824,12.84,334.69202,334.7,4.2471175,3.93,315.95474,315.7
1601,57.883915,58.0,17.264454,16.36,1.8500153,2.7,8.715417,8.55,10.695774,10.68,334.30573,336.3,3.897611,4.63,309.08865,312.1
864,55.45138,56.5,19.482784,17.28,2.4675324,2.68,9.921319,9.62,11.526255,11.07,290.97845,293.0,4.707283,5.47,222.2731,222.2
777,39.935783,38.4,28.902271,29.57,1.2764102,1.19,9.653125,9.32,10.629336,10.35,304.20837,307.5,3.7360601,3.48,223.41809,226.2
667,57.64924,55.8,19.200466,17.42,2.6638486,2.61,10.141434,9.69,11.740089,10.82,287.48328,288.8,5.1478667,4.97,210.53409,210.6
1360,41.237297,41.6,31.64746,32.56,1.3603188,1.22,10.443213,10.28,11.538004,12.1,330.7819,330.3,3.6096184,3.5,267.30872,265.0
1929,34.676895,35.7,35.705406,35.37,1.0124966,0.87,8.869814,8.53,10.810141,10.72,401.51318,399.7,2.0529172,2.16,372.86795,371.6
1741,40.02466,39.5,34.300514,34.54,0.9741969,1.03,10.3080225,9.43,11.640051,11.85,373.62607,373.4,2.9260633,2.3,335.64594,338.0
1083,62.090473,60.3,18.136963,18.66,3.0531743,2.78,10.977477,10.82,12.689048,12.15,289.42813,292.7,5.263859,5.3,228.43489,230.8
1744,39.9696,39.5,34.172802,34.5,0.96636605,1.03,10.301882,9.45,11.606926,11.88,371.4187,373.2,2.9317868,2.3,333.87082,338.0
929,53.282677,53.9,22.470829,22.04,2.4861887,2.3,10.704071,10.88,12.097395,12.01,291.31427,292.9,4.5958014,5.24,217.98349,220.1
928,53.679016,54.6,22.414644,21.93,2.5684545,2.35,10.79103,11.06,12.180378,12.19,290.48364,291.0,4.606309,5.42,215.20616,214.7
881,63.3591,63.4,17.40661,16.84,3.1662457,3.18,11.064935,10.93,12.754149,12.16,285.37784,288.1,5.384529,5.72,215.1679,218.1
2021,68.28587,67.8,17.73229,17.0,3.2710102,3.2,11.1346855,10.16,13.232859,12.62,339.32382,339.7,4.487013,4.33,327.69385,328.6
1730,37.175705,37.7,33.782684,34.08,0.89536166,0.98,9.293748,8.95,10.910228,11.23,378.6719,378.8,2.602244,2.24,341.72235,344.1
1289,44.723763,43.4,24.672253,26.29,1.3688033,1.47,8.856502,9.17,10.417374,10.75,321.069,322.2,3.6626494,4.08,264.50058,263.6
896,64.14556,64.4,17.79334,16.69,3.3544898,3.26,11.416931,11.09,13.083034,12.29,287.27722,287.9,5.280534,5.76,217.03993,217.9
2049,54.761272,54.3,22.408455,22.0,2.2887053,2.1,9.649835,9.47,11.778632,11.8,353.656,353.5,3.4396815,3.56,342.1181,339.7
563,40.752277,42.3,28.527948,26.7,1.0150802,1.5,9.544175,8.94,10.247526,10.51,302.22372,304.3,3.7849612,3.36,217.369,220.1
1651,61.712097,61.3,19.022396,20.58,2.5489695,2.56,10.579275,10.5,12.421651,12.9,324.86905,324.7,4.4932995,3.87,295.32825,298.3
1508,53.130154,52.3,24.86963,25.77,2.1203406,1.86,10.788073,10.63,12.327049,12.87,324.80432,322.7,4.317872,3.56,281.90402,280.0
1883,44.105446,45.1,26.906776,27.23,1.4177412,1.45,8.573435,9.12,10.593015,11.34,364.14963,362.3,2.8930664,2.89,340.91507,339.2
906,46.222984,48.6,24.132027,23.09,1.8307875,1.96,9.608349,9.69,10.96161,11.08,295.57266,298.4,4.079837,4.83,223.59593,225.4
2061,56.789898,56.8,22.685514,22.0,2.454629,2.24,10.300829,9.79,12.284035,12.19,349.6419,350.5,3.6604686,3.63,337.40015,337.0
863,56.06047,57.3,19.17452,17.21,2.517837,2.74,9.96388,9.74,11.575757,11.23,290.40097,292.3,4.7324004,5.41,220.56334,221.6
553,41.213776,41.5,28.4578,27.19,1.0918605,1.43,9.651534,8.9,10.342323,10.43,302.8262,303.6,3.7080836,3.32,216.90129,214.6
1451,58.051495,57.6,18.670557,20.18,2.2986317,2.45,9.819269,10.13,11.643717,12.12,312.43866,315.6,4.511945,4.25,272.97375,276.1
1168,41.54497,40.1,30.662468,31.36,1.4659796,1.23,10.336131,9.95,11.367476,11.41,321.9311,320.5,3.5978353,3.64,249.5507,248.3
2010,65.9713,65.1,17.41798,17.0,3.1230288,3.01,10.532625,9.76,12.736209,12.17,340.39398,342.9,4.2027783,4.4,329.83652,331.3
890,64.189964,64.3,17.411892,16.7,3.31624,3.25,11.296057,11.08,12.980355,12.28,285.58163,287.8,5.3479843,5.79,215.44801,217.2
1647,56.806854,56.1,20.042688,21.04,1.982581,2.29,9.670364,9.59,11.491043,11.81,331.32382,331.9,4.090236,3.87,303.0408,306.4
1489,48.06391,47.8,24.793339,26.16,1.5433241,1.68,9.591213,9.83,11.147251,11.83,327.56616,328.7,3.8210547,3.48,280.38223,283.7
1356,40.05773,41.6,31.734652,32.09,1.2661586,1.23,10.290084,10.03,11.443758,11.92,330.8969,332.3,3.5493717,3.54,270.159,270.1
1323,51.35647,54.0,24.40044,24.22,2.2509892,2.06,10.665267,10.84,12.120841,12.87,306.473,308.7,4.3520393,4.43,251.71451,253.2
1742,39.569305,39.2,34.129616,34.64,1.0226382,1.02,10.138717,9.31,11.552895,11.73,373.74274,374.7,2.8635976,2.29,337.79846,340.4
2118,29.315971,27.5,40.036224,39.0,0.65724635,0.59,7.6211743,6.96,10.073282,8.87,454.37222,453.0,1.346442,1.57,427.41165,427.5
1295,48.58185,48.6,23.879566,25.83,1.8198391,1.75,9.663203,10.17,11.24081,11.87,311.5011,313.8,4.172496,4.2,254.74448,257.2
1721,32.180443,33.1,34.311043,34.83,0.50813687,0.82,7.7674026,7.84,9.690015,9.94,395.6617,395.5,2.063908,2.07,357.55963,359.7
721,49.150097,49.0,23.637356,22.77,2.0596325,1.98,9.924632,9.92,11.208778,11.02,289.63034,291.3,4.5883474,4.4,209.36041,211.3
2104,45.767517,44.7,29.870703,29.0,1.6207827,1.4,9.855479,9.34,11.646348,11.57,374.58133,372.7,2.9074485,2.57,355.9162,354.1
1912,27.21251,26.1,38.957607,37.56,0.25974593,0.58,6.540352,6.21,9.036038,8.17,455.4039,452.7,1.2229296,1.58,419.92163,417.8
1548,40.821842,39.9,33.20011,33.37,1.1196035,1.08,10.567106,9.65,11.771096,11.77,353.9122,352.8,3.2758641,2.73,306.08994,303.8
742,39.0115,34.8,28.67566,30.51,1.0044568,1.0,9.211799,8.84,10.149838,9.65,308.56335,312.6,3.5622592,3.4,225.35988,228.1
728,49.482876,48.7,23.873884,22.95,2.09484,1.95,10.123171,9.83,11.401374,10.95,292.31943,293.1,4.504764,4.2,213.7143,216.9
731,49.37605,48.7,23.827496,22.97,2.107044,1.95,10.13858,9.83,11.403133,10.95,291.2099,293.2,4.4641666,4.19,212.85902,217.5
775,41.361084,38.9,28.584715,29.31,1.3725173,1.23,9.713379,9.55,10.633902,10.52,303.01273,304.6,3.872018,3.69,219.14702,219.3
1286,63.279724,65.8,18.348782,18.91,3.1322784,3.03,11.258883,11.34,12.981043,13.45,296.27808,298.0,5.116646,5.0,244.9516,246.3
907,48.850418,51.0,23.324026,22.67,2.009927,2.11,9.888782,10.2,11.248076,11.62,292.19058,294.2,4.4098577,5.09,217.33295,217.2
1752,39.947205,39.0,34.314957,34.66,1.0950778,1.01,10.290566,9.24,11.675515,11.67,374.20737,375.0,2.8297205,2.33,338.84067,340.7
1963,70.492004,70.4,15.1680155,13.0,3.2911057,3.69,10.658589,9.59,12.920263,11.89,340.85205,341.2,4.457277,5.04,327.7566,328.7
2007,64.69426,63.5,17.49191,17.0,2.9823408,2.92,10.18255,9.58,12.432461,11.94,342.9365,344.2,4.1055727,4.39,332.4355,332.6
2068,29.84288,27.4,33.968845,33.0,0.5009674,0.68,5.6979065,6.09,8.418922,7.87,437.22412,435.5,1.2802631,1.99,412.0179,410.9
941,36.228302,37.5,30.182472,29.84,0.89622843,1.18,9.05177,8.9,10.140377,10.33,318.36673,317.6,3.300295,3.82,238.93608,237.0
725,49.41132,48.7,23.828108,22.94,2.073676,1.95,10.064172,9.82,11.353029,10.94,292.3661,293.2,4.5299654,4.2,213.74146,217.2
1146,38.42444,38.1,30.865541,31.11,1.0828946,1.13,9.6610365,9.51,10.79992,10.85,323.1317,324.3,3.5927167,3.63,251.39375,253.5
1719,28.498695,29.6,35.470722,35.46,0.32639238,0.7,6.8625684,6.91,9.006029,8.94,411.2155,413.0,1.6139872,1.95,372.7948,374.4
1466,64.36084,63.4,18.281647,19.75,3.015457,2.75,11.14355,11.02,12.988374,13.28,309.63904,309.5,5.0587068,4.28,270.73077,270.4
1362,40.33961,41.7,31.743303,32.08,1.2937298,1.24,10.362635,10.05,11.4842205,11.96,330.78888,332.0,3.5222535,3.56,270.3369,269.4
